Test Time / s,Unix Time / s,Voltage / V,Current / A,Cycle Count / 1,Capacity / %,Power / W,Ambient Temperature / degC
0.0,1760000000,3.9373,0.0625,0,99.0,0.2459,28.0706
60.0,1760000060,3.934,0.0495,0,98.9161,0.1946,27.826
120.0,1760000120,3.9436,0.1285,0,99.0,0.5066,28.143
180.0,1760000180,3.941,-0.0322,0,99.0,-0.1267,27.8267
240.0,1760000240,3.9043,0.047,0,98.8402,0.1836,28.3152
300.0,1760000300,3.9398,0.0522,0,98.8909,0.2057,28.6376
360.0,1760000360,3.9249,-0.0083,0,99.0,-0.0327,28.1638
420.0,1760000420,3.9205,0.1584,0,98.9673,0.6209,28.0701
480.0,1760000480,3.9329,0.1068,1,98.99,0.42,27.6591
540.0,1760000540,3.9385,0.1722,1,98.9217,0.6783,27.8914
600.0,1760000600,3.9183,0.2681,1,99.0,1.0506,28.626
660.0,1760000660,3.9417,0.1473,1,99.0,0.5807,28.0226
720.0,1760000720,3.9422,0.1587,1,98.991,0.6258,28.1734
780.0,1760000780,3.935,0.2005,1,99.0,0.7889,28.4221
840.0,1760000840,3.9258,0.2586,1,99.0,1.0153,28.644
900.0,1760000900,3.9242,0.1956,2,98.9124,0.7674,28.2672
960.0,1760000960,3.9446,0.2069,2,99.0,0.8162,28.2453
1020.0,1760001020,3.9186,0.3058,2,98.9012,1.1985,28.4298
1080.0,1760001080,3.9448,0.2864,2,99.0,1.1296,28.2843
1140.0,1760001140,3.9322,0.1796,2,98.9705,0.706,28.2197
1200.0,1760001200,3.9327,0.2348,2,98.958,0.9234,28.471
1260.0,1760001260,3.9163,0.3853,2,98.9165,1.5091,28.5561
1320.0,1760001320,3.9322,0.3445,3,99.0,1.3546,28.9227
1380.0,1760001380,3.9395,0.3003,3,98.955,1.1831,28.5588
1440.0,1760001440,3.9197,0.3438,3,98.9312,1.3477,28.7461
1500.0,1760001500,3.938,0.3668,3,98.9353,1.4446,28.33
1560.0,1760001560,3.934,0.4167,3,99.0,1.6393,28.6991
1620.0,1760001620,3.9265,0.3256,3,98.9887,1.2785,28.3866
1680.0,1760001680,3.9414,0.365,3,98.9904,1.4386,28.6517
1740.0,1760001740,3.9106,0.4341,4,98.9897,1.6975,28.7756
1800.0,1760001800,3.936,0.4287,4,99.0,1.6874,28.6535
1860.0,1760001860,3.9482,0.4755,4,98.9184,1.8772,29.1723
1920.0,1760001920,3.9462,0.3984,4,98.9077,1.5722,28.9248
1980.0,1760001980,3.9353,0.4907,4,98.8812,1.9309,28.9583
2040.0,1760002040,3.9288,0.5401,4,98.9933,2.1221,28.9252
2100.0,1760002100,3.9253,0.5225,4,99.0,2.0511,29.1209
2160.0,1760002160,3.9281,0.5176,5,98.93,2.0334,28.4868
2220.0,1760002220,3.9361,0.5182,5,98.8694,2.0399,29.0586
2280.0,1760002280,3.9224,0.4935,5,98.8681,1.9357,28.5764
2340.0,1760002340,3.9384,0.5437,5,98.9835,2.1413,28.7118
2400.0,1760002400,3.9519,0.6222,5,98.9882,2.4588,29.0096
2460.0,1760002460,3.9297,0.565,5,98.9695,2.2202,29.108
2520.0,1760002520,3.9161,0.538,5,98.87,2.107,28.6189
2580.0,1760002580,3.9163,0.5693,6,98.939,2.2296,28.782
2640.0,1760002640,3.9372,0.6152,6,98.9269,2.4222,28.9506
2700.0,1760002700,3.9286,0.5976,6,98.9321,2.3477,28.8895
2760.0,1760002760,3.938,0.6514,6,98.9813,2.5653,29.1504
2820.0,1760002820,3.9234,0.664,6,98.9264,2.6053,29.6867
2880.0,1760002880,3.9369,0.6929,6,98.9597,2.7279,29.1162
2940.0,1760002940,3.9265,0.73,6,98.9076,2.8663,28.9248
3000.0,1760003000,3.9206,0.7188,7,98.9221,2.8181,28.8133
3060.0,1760003060,3.9238,0.6323,7,98.9462,2.4809,28.9481
3120.0,1760003120,3.9147,0.6436,7,98.7757,2.5196,28.8438
3180.0,1760003180,3.9467,0.6946,7,98.8633,2.7415,29.1759
3240.0,1760003240,3.9255,0.6853,7,98.8477,2.69,29.175
3300.0,1760003300,3.9326,0.6601,7,98.8307,2.596,28.9815
3360.0,1760003360,3.9206,0.704,7,98.8561,2.76,29.5159
3420.0,1760003420,3.9158,0.7111,7,98.9941,2.7847,28.9872
3480.0,1760003480,3.9228,0.7099,8,98.8014,2.7847,29.1191
3540.0,1760003540,3.9365,0.7361,8,98.9443,2.8976,29.3014
3600.0,1760003600,3.9189,0.819,8,98.7284,3.2095,29.4279
3660.0,1760003660,3.9156,0.778,8,98.8322,3.0463,29.4818
3720.0,1760003720,3.9258,0.8994,8,98.868,3.5307,29.4186
3780.0,1760003780,3.929,0.7918,8,98.8978,3.1112,29.4667
3840.0,1760003840,3.9402,0.7761,8,98.9036,3.0581,29.1204
3900.0,1760003900,3.927,0.7979,9,98.906,3.1335,29.4641
3960.0,1760003960,3.9291,0.8174,9,98.8103,3.2118,29.4865
4020.0,1760004020,3.9294,0.833,9,98.7969,3.2733,29.6301
4080.0,1760004080,3.9109,0.9215,9,98.8981,3.6039,29.0741
4140.0,1760004140,3.912,0.7816,9,98.8096,3.0576,29.1239
4200.0,1760004200,3.91,0.8728,9,98.7183,3.4125,29.5523
4260.0,1760004260,3.9072,0.8459,9,98.725,3.3052,28.8454
4320.0,1760004320,3.9282,0.7625,10,98.7374,2.9951,29.4167
4380.0,1760004380,3.9233,0.8848,10,98.846,3.4714,29.6376
4440.0,1760004440,3.9207,0.9147,10,98.8128,3.5862,29.3436
4500.0,1760004500,3.8938,0.8132,10,98.8517,3.1665,29.301
4560.0,1760004560,3.9395,0.8602,10,98.7573,3.3886,29.2191
4620.0,1760004620,3.9098,0.7786,10,98.7991,3.0443,29.2737
4680.0,1760004680,3.9391,0.806,10,98.8313,3.1749,29.3107
4740.0,1760004740,3.9033,0.9252,11,98.7514,3.6111,29.3773
4800.0,1760004800,3.9095,0.853,11,98.8074,3.3348,29.3179
4860.0,1760004860,3.8948,0.8242,11,98.7126,3.21,29.3974
4920.0,1760004920,3.9201,0.8942,11,98.7311,3.5053,29.4602
4980.0,1760004980,3.9051,0.8594,11,98.7241,3.356,29.873
5040.0,1760005040,3.9046,0.8645,11,98.6534,3.3757,29.4326
5100.0,1760005100,3.9019,0.9274,11,98.7825,3.6185,29.6397
5160.0,1760005160,3.9226,0.8344,12,98.7003,3.273,29.3903
5220.0,1760005220,3.9217,0.849,12,98.7331,3.3296,29.4086
5280.0,1760005280,3.9325,0.9036,12,98.7648,3.5533,29.2384
5340.0,1760005340,3.907,0.9457,12,98.7562,3.6947,29.3077
5400.0,1760005400,3.9157,0.9602,12,98.7677,3.7597,29.4012
5460.0,1760005460,3.8999,0.8658,12,98.7006,3.3766,29.6129
5520.0,1760005520,3.9089,0.9465,12,98.6686,3.6997,29.865
5580.0,1760005580,3.9067,0.8607,13,98.6899,3.3626,29.2328
5640.0,1760005640,3.9155,0.9913,13,98.5551,3.8814,29.5937
5700.0,1760005700,3.9206,0.8431,13,98.5681,3.3055,29.3205
5760.0,1760005760,3.92,0.9658,13,98.5717,3.7858,29.6481
5820.0,1760005820,3.9013,0.8658,13,98.5914,3.3778,29.8451
5880.0,1760005880,3.9198,0.9983,13,98.6967,3.9133,29.6554
5940.0,1760005940,3.9084,0.926,13,98.5858,3.6193,29.6863
6000.0,1760006000,3.9053,0.8442,14,98.6214,3.297,29.9302
6060.0,1760006060,3.9017,0.8672,14,98.749,3.3835,29.7579
6120.0,1760006120,3.9021,0.9304,14,98.6098,3.6305,29.5737
6180.0,1760006180,3.9251,0.9418,14,98.6906,3.6965,29.7753
6240.0,1760006240,3.9096,0.8831,14,98.5501,3.4527,29.5398
6300.0,1760006300,3.9081,0.8862,14,98.6015,3.4633,29.8006
6360.0,1760006360,3.9029,0.9189,14,98.535,3.5865,29.8544
6420.0,1760006420,3.9298,0.8844,14,98.5769,3.4754,29.4589
6480.0,1760006480,3.9183,0.8097,15,98.6643,3.1725,29.7163
6540.0,1760006540,3.8966,0.83,15,98.4518,3.2341,29.6826
6600.0,1760006600,3.9014,0.8785,15,98.6176,3.4272,29.8624
6660.0,1760006660,3.9014,0.9233,15,98.5947,3.6021,29.9641
6720.0,1760006720,3.9042,0.9389,15,98.5209,3.6656,29.9143
6780.0,1760006780,3.8949,0.8924,15,98.4455,3.4758,29.7295
6840.0,1760006840,3.9064,0.8629,15,98.5596,3.3707,29.9616
6900.0,1760006900,3.9158,0.8808,16,98.5041,3.449,29.6231
6960.0,1760006960,3.888,0.8046,16,98.5577,3.1284,29.4811
7020.0,1760007020,3.8893,0.8247,16,98.5333,3.2074,29.1306
7080.0,1760007080,3.8958,0.7853,16,98.6522,3.0593,29.7325
7140.0,1760007140,3.8951,0.758,16,98.4974,2.9523,29.5686
7200.0,1760007200,3.9186,0.8308,16,98.4271,3.2554,29.879
7260.0,1760007260,3.9086,0.8168,16,98.5157,3.1926,29.4023
7320.0,1760007320,3.9076,0.8352,17,98.5112,3.2634,29.6901
7380.0,1760007380,3.8954,0.8211,17,98.5947,3.1984,29.9105
7440.0,1760007440,3.8945,0.7987,17,98.545,3.1105,29.6007
7500.0,1760007500,3.8821,0.8069,17,98.499,3.1327,29.9033
7560.0,1760007560,3.9044,0.7693,17,98.5797,3.0037,29.6881
7620.0,1760007620,3.8999,0.7842,17,98.3596,3.0584,29.8129
7680.0,1760007680,3.9076,0.7192,17,98.3957,2.8102,29.8945
7740.0,1760007740,3.892,0.7657,18,98.3648,2.98,30.0113
7800.0,1760007800,3.8924,0.7721,18,98.3998,3.0053,29.8524
7860.0,1760007860,3.8946,0.6965,18,98.3129,2.7124,29.6185
7920.0,1760007920,3.9021,0.7236,18,98.4658,2.8236,29.7194
7980.0,1760007980,3.8777,0.6807,18,98.3892,2.6395,29.912
8040.0,1760008040,3.8987,0.6762,18,98.2813,2.6364,29.5846
8100.0,1760008100,3.8908,0.6368,18,98.3096,2.4776,29.7295
8160.0,1760008160,3.8805,0.7466,19,98.4079,2.8971,29.7836
8220.0,1760008220,3.8699,0.7267,19,98.4417,2.8122,29.832
8280.0,1760008280,3.8893,0.6902,19,98.5263,2.6843,29.6293
8340.0,1760008340,3.905,0.7516,19,98.5915,2.9351,29.5177
8400.0,1760008400,3.9058,0.6331,19,98.3833,2.4726,29.9051
8460.0,1760008460,3.8915,0.7835,19,98.2628,3.0489,30.1217
8520.0,1760008520,3.9066,0.6097,19,98.1632,2.3818,29.439
8580.0,1760008580,3.887,0.6228,20,98.347,2.4209,29.8893
8640.0,1760008640,3.8961,0.579,20,98.2523,2.2557,30.0047
8700.0,1760008700,3.8817,0.6061,20,98.2759,2.3528,29.9365
8760.0,1760008760,3.8804,0.6178,20,98.2519,2.3973,29.7508
8820.0,1760008820,3.8785,0.5587,20,98.2814,2.1667,29.6055
8880.0,1760008880,3.8646,0.6414,20,98.3696,2.4786,29.884
8940.0,1760008940,3.8973,0.5525,20,98.2887,2.1532,29.8537
9000.0,1760009000,3.8773,0.5419,21,98.2551,2.1012,29.8222
9060.0,1760009060,3.8749,0.4707,21,98.1767,1.8238,29.7173
9120.0,1760009120,3.8703,0.5246,21,98.1173,2.0304,29.5872
9180.0,1760009180,3.8801,0.4844,21,98.2041,1.8795,29.8634
9240.0,1760009240,3.8994,0.448,21,98.2305,1.7469,29.8511
9300.0,1760009300,3.903,0.4267,21,98.3679,1.6655,29.7872
9360.0,1760009360,3.8643,0.5862,21,98.2287,2.2651,29.9039
9420.0,1760009420,3.8772,0.4263,21,98.2886,1.6529,30.0968
9480.0,1760009480,3.8693,0.3534,22,98.1618,1.3674,29.5848
9540.0,1760009540,3.8888,0.378,22,98.0987,1.47,29.9927
9600.0,1760009600,3.8813,0.3969,22,98.1081,1.5404,29.6117
9660.0,1760009660,3.8717,0.4132,22,98.1191,1.5998,30.0003
9720.0,1760009720,3.8795,0.3999,22,98.3392,1.5515,30.0215
9780.0,1760009780,3.8723,0.3922,22,98.095,1.5189,29.7169
9840.0,1760009840,3.8934,0.3123,22,98.2196,1.2158,30.0506
9900.0,1760009900,3.8815,0.3476,23,98.0722,1.3491,29.8473
9960.0,1760009960,3.883,0.2727,23,98.2108,1.0588,29.5248
10020.0,1760010020,3.849,0.2713,23,98.159,1.0443,29.6311
10080.0,1760010080,3.8743,0.2422,23,98.1076,0.9382,29.9159
10140.0,1760010140,3.8954,0.2143,23,98.1088,0.8348,29.8583
10200.0,1760010200,3.8871,0.3125,23,98.0516,1.2148,29.5473
10260.0,1760010260,3.8553,0.2793,23,98.1317,1.0766,29.711
10320.0,1760010320,3.8698,0.2791,24,98.0516,1.0801,29.786
10380.0,1760010380,3.8602,0.2176,24,97.982,0.8401,29.6011
10440.0,1760010440,3.8888,0.2398,24,97.9699,0.9327,30.1984
10500.0,1760010500,3.8743,0.0982,24,98.078,0.3804,29.6667
10560.0,1760010560,3.8643,0.2146,24,98.1827,0.8294,29.7071
10620.0,1760010620,3.8713,0.1655,24,98.0613,0.6407,29.9247
10680.0,1760010680,3.8443,0.1731,24,98.0312,0.6655,29.6259
10740.0,1760010740,3.8592,0.1459,25,98.0558,0.5629,29.8849
10800.0,1760010800,3.8704,0.0625,25,98.1297,0.2421,29.2894
10860.0,1760010860,3.8776,0.022,25,98.0351,0.0854,29.506
10920.0,1760010920,3.8491,0.0463,25,97.977,0.1782,29.8322
10980.0,1760010980,3.8648,0.0951,25,98.0908,0.3676,29.9815
11040.0,1760011040,3.8781,0.0863,25,98.029,0.3348,29.5119
11100.0,1760011100,3.8535,-0.0316,25,98.11,-0.1219,29.4509
11160.0,1760011160,3.8693,-0.0274,26,97.9943,-0.1059,29.7449
11220.0,1760011220,3.8667,-0.0296,26,97.8743,-0.1143,29.5145
11280.0,1760011280,3.8827,-0.0264,26,97.8554,-0.1023,29.5887
11340.0,1760011340,3.864,-0.0917,26,98.0895,-0.3542,29.8758
11400.0,1760011400,3.8643,-0.1097,26,98.088,-0.4241,29.612
11460.0,1760011460,3.8733,-0.0948,26,97.9285,-0.3672,29.3216
11520.0,1760011520,3.8511,-0.0644,26,97.905,-0.2482,29.4359
11580.0,1760011580,3.8624,-0.1428,27,98.0454,-0.5516,29.7665
11640.0,1760011640,3.8587,-0.1046,27,97.8328,-0.4036,29.3669
11700.0,1760011700,3.8615,-0.0608,27,97.8428,-0.235,29.6508
11760.0,1760011760,3.8716,-0.1938,27,97.9588,-0.7504,29.5438
11820.0,1760011820,3.8679,-0.154,27,97.8688,-0.5955,30.1238
11880.0,1760011880,3.8546,-0.1073,27,97.8931,-0.4135,30.197
11940.0,1760011940,3.8631,-0.1942,27,97.8736,-0.7504,29.6274
12000.0,1760012000,3.8764,-0.2168,28,97.9068,-0.8404,29.9138
12060.0,1760012060,3.8533,-0.1447,28,97.9857,-0.5574,29.618
12120.0,1760012120,3.8621,-0.2328,28,97.8737,-0.8991,29.8241
12180.0,1760012180,3.8586,-0.1769,28,97.9113,-0.6825,30.2072
12240.0,1760012240,3.8585,-0.2252,28,97.6892,-0.8689,29.797
12300.0,1760012300,3.8433,-0.2783,28,97.8428,-1.0694,29.8808
12360.0,1760012360,3.873,-0.2515,28,97.7728,-0.9742,29.7333
12420.0,1760012420,3.8507,-0.2738,28,97.7364,-1.0544,30.1739
12480.0,1760012480,3.8685,-0.253,29,97.7573,-0.9788,29.2805
12540.0,1760012540,3.8519,-0.3456,29,97.7945,-1.3314,29.9237
12600.0,1760012600,3.852,-0.3302,29,97.8883,-1.2721,29.9957
12660.0,1760012660,3.8692,-0.3493,29,97.7028,-1.3517,29.8929
12720.0,1760012720,3.8672,-0.3249,29,97.8053,-1.2566,30.1832
12780.0,1760012780,3.8589,-0.4252,29,97.7581,-1.6407,30.3359
12840.0,1760012840,3.8641,-0.3367,29,97.7646,-1.3012,29.7471
12900.0,1760012900,3.8539,-0.3778,30,97.8652,-1.4561,30.4859
12960.0,1760012960,3.8562,-0.4804,30,97.8222,-1.8526,29.8693
13020.0,1760013020,3.8497,-0.3675,30,97.8803,-1.4148,30.326
13080.0,1760013080,3.8644,-0.3294,30,97.7553,-1.273,30.0724
13140.0,1760013140,3.848,-0.4041,30,97.7063,-1.555,30.006
13200.0,1760013200,3.8697,-0.3958,30,97.7385,-1.5317,30.0228
13260.0,1760013260,3.8516,-0.4757,30,97.7703,-1.8323,30.1664
13320.0,1760013320,3.8546,-0.5758,31,97.7596,-2.2194,30.2992
13380.0,1760013380,3.8612,-0.5974,31,97.6533,-2.3069,30.0953
13440.0,1760013440,3.8541,-0.5049,31,97.742,-1.9459,30.1628
13500.0,1760013500,3.8507,-0.5595,31,97.7477,-2.1545,30.1035
13560.0,1760013560,3.854,-0.5878,31,97.9257,-2.2653,30.0414
13620.0,1760013620,3.8628,-0.5571,31,97.8693,-2.1521,30.1007
13680.0,1760013680,3.8459,-0.535,31,97.6459,-2.0577,30.0206
13740.0,1760013740,3.8512,-0.6501,32,97.6861,-2.5037,30.2628
13800.0,1760013800,3.8519,-0.6114,32,97.5871,-2.355,30.4064
13860.0,1760013860,3.8606,-0.5248,32,97.6521,-2.026,30.2788
13920.0,1760013920,3.8511,-0.6652,32,97.7198,-2.5617,30.7658
13980.0,1760013980,3.8703,-0.5789,32,97.7862,-2.2406,29.8638
14040.0,1760014040,3.8497,-0.6575,32,97.6268,-2.531,30.4664
14100.0,1760014100,3.8487,-0.6166,32,97.6281,-2.373,30.345
14160.0,1760014160,3.8486,-0.5994,33,97.5041,-2.307,30.4969
14220.0,1760014220,3.8377,-0.6275,33,97.6584,-2.4082,30.5033
14280.0,1760014280,3.84,-0.6292,33,97.582,-2.4161,30.332
14340.0,1760014340,3.8451,-0.7421,33,97.6203,-2.8535,30.4936
14400.0,1760014400,3.8614,-0.6385,33,97.5882,-2.4657,30.231
14460.0,1760014460,3.8499,-0.7464,33,97.6466,-2.8734,30.5923
14520.0,1760014520,3.8445,-0.7001,33,97.5093,-2.6914,30.0603
14580.0,1760014580,3.8616,-0.7092,34,97.5284,-2.7387,30.6022
14640.0,1760014640,3.8661,-0.7068,34,97.8121,-2.7325,30.4437
14700.0,1760014700,3.8616,-0.7229,34,97.5348,-2.7915,30.3672
14760.0,1760014760,3.8405,-0.7904,34,97.5461,-3.0356,30.4754
14820.0,1760014820,3.8451,-0.824,34,97.7769,-3.1684,30.5202
14880.0,1760014880,3.8685,-0.7209,34,97.8585,-2.789,30.7323
14940.0,1760014940,3.851,-0.7631,34,97.5286,-2.9388,31.1564
15000.0,1760015000,3.8461,-0.7226,35,97.5892,-2.7791,30.7244
15060.0,1760015060,3.8562,-0.7897,35,97.6423,-3.0452,30.4241
15120.0,1760015120,3.8595,-0.8649,35,97.7497,-3.3381,30.7264
15180.0,1760015180,3.8425,-0.7533,35,97.5289,-2.8947,30.6488
15240.0,1760015240,3.8506,-0.8269,35,97.5847,-3.1841,30.3909
15300.0,1760015300,3.858,-0.7978,35,97.6631,-3.0779,30.3034
15360.0,1760015360,3.8369,-0.8536,35,97.6323,-3.275,30.5903
15420.0,1760015420,3.8483,-0.745,35,97.5641,-2.867,30.6805
15480.0,1760015480,3.837,-0.8769,36,97.5802,-3.3646,30.3048
15540.0,1760015540,3.8378,-0.8555,36,97.4777,-3.2833,30.4686
15600.0,1760015600,3.8424,-0.8386,36,97.5655,-3.2223,30.7164
15660.0,1760015660,3.8527,-0.9037,36,97.5601,-3.4818,30.6649
15720.0,1760015720,3.8449,-0.8375,36,97.5969,-3.22,30.8894
15780.0,1760015780,3.8412,-0.7781,36,97.5308,-2.9887,30.2788
15840.0,1760015840,3.8486,-0.8876,36,97.61,-3.4159,31.1216
15900.0,1760015900,3.8368,-0.8474,37,97.6503,-3.2515,30.3138
15960.0,1760015960,3.8522,-1.0086,37,97.5788,-3.8853,30.3469
16020.0,1760016020,3.8593,-0.8767,37,97.5916,-3.3835,30.6377
16080.0,1760016080,3.847,-0.8939,37,97.5649,-3.4387,30.4386
16140.0,1760016140,3.8458,-0.9223,37,97.5579,-3.547,30.6827
16200.0,1760016200,3.8512,-0.8302,37,97.4974,-3.1974,30.6042
16260.0,1760016260,3.8276,-0.9033,37,97.5777,-3.4575,30.6403
16320.0,1760016320,3.8531,-0.8983,38,97.542,-3.4613,30.509
16380.0,1760016380,3.8797,-0.9105,38,97.7146,-3.5323,30.7758
16440.0,1760016440,3.8472,-0.9894,38,97.6704,-3.8064,30.6909
16500.0,1760016500,3.8468,-0.9518,38,97.5728,-3.6614,30.9469
16560.0,1760016560,3.855,-0.8486,38,97.4783,-3.2713,30.6094
16620.0,1760016620,3.8639,-1.0033,38,97.4479,-3.8767,30.5781
16680.0,1760016680,3.8582,-0.9371,38,97.6297,-3.6153,30.3823
16740.0,1760016740,3.8266,-0.9194,39,97.553,-3.5181,30.673
16800.0,1760016800,3.8539,-0.8126,39,97.5679,-3.1319,30.3698
16860.0,1760016860,3.8731,-0.8616,39,97.3875,-3.337,30.3944
16920.0,1760016920,3.8548,-0.9278,39,97.5989,-3.5763,30.8244
16980.0,1760016980,3.8369,-0.8343,39,97.5587,-3.2013,30.2901
17040.0,1760017040,3.8507,-0.936,39,97.4312,-3.6043,31.0109
17100.0,1760017100,3.8354,-0.8477,39,97.48,-3.2512,30.6911
17160.0,1760017160,3.8609,-0.965,40,97.5366,-3.7257,30.7456
17220.0,1760017220,3.839,-0.842,40,97.5174,-3.2326,30.4504
17280.0,1760017280,3.8493,-0.9144,40,97.4876,-3.5198,30.8694
17340.0,1760017340,3.8402,-0.9437,40,97.5004,-3.6238,30.7405
17400.0,1760017400,3.8433,-0.901,40,97.4863,-3.4628,30.5709
17460.0,1760017460,3.8639,-0.8739,40,97.5164,-3.3767,30.7275
17520.0,1760017520,3.8507,-0.9099,40,97.6198,-3.5038,30.3809
17580.0,1760017580,3.8426,-0.8546,41,97.2945,-3.284,30.3471
17640.0,1760017640,3.8378,-0.9084,41,97.4787,-3.4862,30.4941
17700.0,1760017700,3.8309,-0.8449,41,97.5096,-3.2365,30.7381
17760.0,1760017760,3.8372,-0.8502,41,97.517,-3.2623,30.6727
17820.0,1760017820,3.8508,-0.8715,41,97.4614,-3.3559,30.901
17880.0,1760017880,3.859,-0.8864,41,97.3484,-3.4208,30.5199
17940.0,1760017940,3.8446,-0.8525,41,97.5131,-3.2774,30.7924
18000.0,1760018000,3.8666,-0.828,42,97.6228,-3.2015,30.6357
18060.0,1760018060,3.8426,-0.7476,42,97.3598,-2.8727,30.4062
18120.0,1760018120,3.8486,-0.7987,42,97.5494,-3.0737,30.7133
18180.0,1760018180,3.8398,-0.7916,42,97.4519,-3.0394,30.6178
18240.0,1760018240,3.8608,-0.6804,42,97.4711,-2.6269,30.4167
18300.0,1760018300,3.8717,-0.8033,42,97.3896,-3.1101,30.6496
18360.0,1760018360,3.8336,-0.7989,42,97.4449,-3.0625,30.6122
18420.0,1760018420,3.8486,-0.7817,42,97.5734,-3.0083,30.5939
18480.0,1760018480,3.8646,-0.8609,43,97.5138,-3.327,30.6057
18540.0,1760018540,3.8381,-0.826,43,97.6036,-3.1701,30.3995
18600.0,1760018600,3.8583,-0.8222,43,97.5569,-3.1721,30.6725
18660.0,1760018660,3.8647,-0.7574,43,97.4956,-2.927,30.4453
18720.0,1760018720,3.854,-0.7911,43,97.5978,-3.0489,30.4288
18780.0,1760018780,3.8585,-0.7679,43,97.4911,-2.963,30.5662
18840.0,1760018840,3.871,-0.7127,43,97.5199,-2.7587,30.7169
18900.0,1760018900,3.8726,-0.7159,44,97.4276,-2.7724,30.6097
18960.0,1760018960,3.8529,-0.7589,44,97.4543,-2.924,30.5006
19020.0,1760019020,3.8481,-0.7759,44,97.3908,-2.9858,30.5059
19080.0,1760019080,3.8452,-0.677,44,97.5234,-2.6032,30.668
19140.0,1760019140,3.8635,-0.6862,44,97.3476,-2.6513,30.0685
19200.0,1760019200,3.8411,-0.7962,44,97.502,-3.0583,30.795
19260.0,1760019260,3.8521,-0.7223,44,97.4217,-2.7825,30.2012
19320.0,1760019320,3.8565,-0.6889,45,97.5281,-2.6569,30.2657
19380.0,1760019380,3.8505,-0.6486,45,97.492,-2.4976,30.4132
19440.0,1760019440,3.8591,-0.6323,45,97.575,-2.4399,30.9364
19500.0,1760019500,3.8818,-0.6535,45,97.4852,-2.5369,30.8543
19560.0,1760019560,3.8543,-0.6283,45,97.2984,-2.4215,30.6392
19620.0,1760019620,3.852,-0.6439,45,97.4161,-2.4804,30.5811
19680.0,1760019680,3.8664,-0.6703,45,97.325,-2.5914,30.1576
19740.0,1760019740,3.8592,-0.6389,46,97.3746,-2.4655,30.5355
19800.0,1760019800,3.8723,-0.6139,46,97.5342,-2.3773,30.3735
19860.0,1760019860,3.8595,-0.6055,46,97.4615,-2.337,30.3123
19920.0,1760019920,3.8551,-0.6868,46,97.3517,-2.6476,30.5707
19980.0,1760019980,3.8399,-0.6009,46,97.3236,-2.3076,30.3758
20040.0,1760020040,3.8423,-0.5667,46,97.4044,-2.1773,30.6154
20100.0,1760020100,3.84,-0.5718,46,97.3015,-2.1956,30.0573
20160.0,1760020160,3.8627,-0.5581,47,97.3421,-2.1559,30.4474
20220.0,1760020220,3.846,-0.5093,47,97.4176,-1.9588,30.2164
20280.0,1760020280,3.8728,-0.5755,47,97.482,-2.2286,30.3619
20340.0,1760020340,3.8607,-0.5905,47,97.4351,-2.2799,30.5155
20400.0,1760020400,3.8571,-0.514,47,97.1999,-1.9827,30.1685
20460.0,1760020460,3.8525,-0.4458,47,97.4043,-1.7173,30.3688
20520.0,1760020520,3.8674,-0.3868,47,97.3824,-1.496,30.2449
20580.0,1760020580,3.8536,-0.4192,48,97.4063,-1.6153,30.1796
20640.0,1760020640,3.8526,-0.5186,48,97.4991,-1.9981,30.2956
20700.0,1760020700,3.8732,-0.4437,48,97.2013,-1.7185,30.2972
20760.0,1760020760,3.8658,-0.4059,48,97.3155,-1.5693,30.1427
20820.0,1760020820,3.8608,-0.3965,48,97.4065,-1.5307,30.2884
20880.0,1760020880,3.869,-0.3649,48,97.2291,-1.4117,30.2043
20940.0,1760020940,3.8643,-0.424,48,97.47,-1.6386,30.1832
21000.0,1760021000,3.8679,-0.3612,49,97.3776,-1.3971,30.5713
21060.0,1760021060,3.8565,-0.3296,49,97.4121,-1.2711,30.3092
21120.0,1760021120,3.8852,-0.2954,49,97.2948,-1.1476,30.1202
21180.0,1760021180,3.8596,-0.3629,49,97.4016,-1.4007,30.278
21240.0,1760021240,3.8814,-0.3258,49,97.418,-1.2644,30.0116
21300.0,1760021300,3.864,-0.4295,49,97.3471,-1.6595,30.2105
21360.0,1760021360,3.8744,-0.3111,49,97.3431,-1.2052,30.137
21420.0,1760021420,3.874,-0.2918,49,97.3418,-1.1306,29.934
21480.0,1760021480,3.8781,-0.3022,50,97.2469,-1.1718,30.2668
21540.0,1760021540,3.8589,-0.2284,50,97.2999,-0.8813,30.0269
21600.0,1760021600,3.8785,-0.2249,50,97.2951,-0.8721,30.0518
21660.0,1760021660,3.8868,-0.3204,50,97.3336,-1.2452,30.0831
21720.0,1760021720,3.8664,-0.1819,50,97.3784,-0.7034,30.6755
21780.0,1760021780,3.8689,-0.2244,50,97.2092,-0.868,29.9826
21840.0,1760021840,3.8641,-0.1389,50,97.2793,-0.5365,29.6304
21900.0,1760021900,3.8669,-0.2124,51,97.4031,-0.8212,29.7804
21960.0,1760021960,3.887,-0.1319,51,97.2203,-0.5126,30.1852
22020.0,1760022020,3.8602,-0.1326,51,97.2092,-0.5119,30.2985
22080.0,1760022080,3.8616,-0.0883,51,97.2863,-0.3411,29.8566
22140.0,1760022140,3.8878,-0.0822,51,97.3328,-0.3198,30.2411
22200.0,1760022200,3.878,-0.0862,51,97.2611,-0.3343,30.134
22260.0,1760022260,3.8939,-0.1352,51,97.3614,-0.5266,29.9841
22320.0,1760022320,3.8685,-0.1172,52,97.3185,-0.4534,29.9525
22380.0,1760022380,3.8746,-0.0575,52,97.3121,-0.2227,29.99
22440.0,1760022440,3.8671,-0.0136,52,97.2838,-0.0526,30.0912
22500.0,1760022500,3.8762,-0.0285,52,97.4204,-0.1106,30.004
22560.0,1760022560,3.8565,0.0482,52,97.2124,0.186,29.8018
22620.0,1760022620,3.8808,0.0181,52,97.063,0.0702,29.875
22680.0,1760022680,3.879,-0.0011,52,97.3461,-0.0044,30.2893
22740.0,1760022740,3.8748,0.0483,53,97.1755,0.187,29.9777
22800.0,1760022800,3.8721,0.0885,53,97.2151,0.3427,30.1302
22860.0,1760022860,3.868,0.1085,53,97.3055,0.4196,30.0769
22920.0,1760022920,3.8835,0.2011,53,97.0668,0.7811,30.0943
22980.0,1760022980,3.8651,0.0887,53,97.0889,0.343,29.968
23040.0,1760023040,3.8822,0.1334,53,97.055,0.518,30.158
23100.0,1760023100,3.8985,0.1733,53,97.1136,0.6756,30.1506
23160.0,1760023160,3.8936,0.1657,54,97.2062,0.6451,30.0499
23220.0,1760023220,3.8641,0.1566,54,97.2069,0.6052,29.8475
23280.0,1760023280,3.8742,0.1189,54,97.1808,0.4608,30.0295
23340.0,1760023340,3.8835,0.1855,54,97.0395,0.7206,29.9885
23400.0,1760023400,3.8787,0.172,54,96.9614,0.6673,29.9256
23460.0,1760023460,3.8667,0.154,54,97.1441,0.5953,30.5047
23520.0,1760023520,3.8848,0.215,54,97.0956,0.8353,29.7061
23580.0,1760023580,3.8817,0.2169,55,97.1636,0.8418,30.2032
23640.0,1760023640,3.9014,0.3128,55,97.1764,1.2202,29.9117
23700.0,1760023700,3.88,0.3279,55,97.1247,1.2723,30.1185
23760.0,1760023760,3.8949,0.2669,55,97.1677,1.0394,30.5531
23820.0,1760023820,3.8707,0.3131,55,97.1185,1.2121,29.8798
23880.0,1760023880,3.8737,0.2473,55,97.1357,0.9578,29.8706
23940.0,1760023940,3.8911,0.3294,55,97.0301,1.2816,30.0733
24000.0,1760024000,3.8954,0.3878,56,97.0652,1.5108,29.9499
24060.0,1760024060,3.8756,0.4229,56,97.0883,1.6388,30.3199
24120.0,1760024120,3.8861,0.3596,56,97.1311,1.3973,29.9812
24180.0,1760024180,3.872,0.4613,56,97.0269,1.7862,30.2959
24240.0,1760024240,3.8848,0.3463,56,97.0929,1.3453,29.8028
24300.0,1760024300,3.8951,0.373,56,97.0228,1.4528,29.7241
24360.0,1760024360,3.8828,0.484,56,97.0274,1.8792,30.1239
24420.0,1760024420,3.8855,0.5451,56,97.0958,2.1179,29.9003
24480.0,1760024480,3.876,0.4991,57,96.8626,1.9344,30.4762
24540.0,1760024540,3.8815,0.4851,57,96.9109,1.8831,29.8508
24600.0,1760024600,3.9059,0.39,57,96.8886,1.5234,29.8684
24660.0,1760024660,3.8892,0.4111,57,96.813,1.5989,30.1708
24720.0,1760024720,3.8795,0.531,57,96.9378,2.0602,30.0619
24780.0,1760024780,3.8874,0.5189,57,97.0444,2.017,29.8609
24840.0,1760024840,3.8746,0.4935,57,96.954,1.9121,30.5474
24900.0,1760024900,3.881,0.5639,58,96.9849,2.1887,29.9905
24960.0,1760024960,3.9055,0.5781,58,97.0485,2.258,30.158
25020.0,1760025020,3.891,0.6312,58,97.0598,2.4559,30.1928
25080.0,1760025080,3.9112,0.6022,58,96.9402,2.3552,30.3484
25140.0,1760025140,3.8924,0.668,58,97.0461,2.6001,30.3464
25200.0,1760025200,3.8929,0.618,58,96.9373,2.4059,30.0434
25260.0,1760025260,3.8997,0.6227,58,96.8549,2.4285,30.1422
25320.0,1760025320,3.8671,0.6924,59,96.8664,2.6777,30.2124
25380.0,1760025380,3.8959,0.6008,59,96.7874,2.3408,30.3291
25440.0,1760025440,3.894,0.8008,59,96.8268,3.1184,30.1003
25500.0,1760025500,3.91,0.689,59,96.8611,2.6941,30.6427
25560.0,1760025560,3.9056,0.6993,59,96.9459,2.7311,30.0901
25620.0,1760025620,3.8854,0.7163,59,97.0111,2.783,30.2483
25680.0,1760025680,3.9084,0.7935,59,96.7546,3.1011,30.0743
25740.0,1760025740,3.8944,0.7486,60,96.8884,2.9154,30.0052
25800.0,1760025800,3.8878,0.6379,60,96.7655,2.4802,29.9958
25860.0,1760025860,3.8999,0.7973,60,96.8784,3.1095,30.0985
25920.0,1760025920,3.896,0.7189,60,96.8216,2.8009,30.1414
25980.0,1760025980,3.9132,0.7499,60,96.6773,2.9345,30.0475
26040.0,1760026040,3.9027,0.6889,60,96.8897,2.6887,30.3279
26100.0,1760026100,3.9011,0.7874,60,96.7586,3.0716,30.1051
26160.0,1760026160,3.9085,0.7364,61,96.7559,2.8784,30.0364
26220.0,1760026220,3.9106,0.7817,61,96.7046,3.0571,30.1669
26280.0,1760026280,3.908,0.77,61,96.7294,3.0094,30.4288
26340.0,1760026340,3.9152,0.8878,61,96.8075,3.4759,30.3615
26400.0,1760026400,3.9072,0.8977,61,96.7497,3.5076,30.3005
26460.0,1760026460,3.9034,0.8078,61,96.7826,3.1531,29.9558
26520.0,1760026520,3.9145,0.8153,61,96.7768,3.1914,30.0138
26580.0,1760026580,3.902,0.7998,62,96.8449,3.1207,29.9682
26640.0,1760026640,3.9029,0.8799,62,96.7033,3.4342,30.5432
26700.0,1760026700,3.9197,0.8141,62,96.6041,3.191,30.329
26760.0,1760026760,3.9201,0.8152,62,96.7991,3.1955,30.0452
26820.0,1760026820,3.9036,0.8906,62,96.6786,3.4766,30.1588
26880.0,1760026880,3.9001,0.82,62,96.7858,3.1981,30.0438
26940.0,1760026940,3.9193,0.85,62,96.7187,3.3315,30.0493
27000.0,1760027000,3.9128,0.7776,63,96.669,3.0426,30.2542
27060.0,1760027060,3.9085,0.8964,63,96.6988,3.5035,30.1932
27120.0,1760027120,3.9032,0.9625,63,96.8185,3.7566,30.7134
27180.0,1760027180,3.9101,0.9055,63,96.82,3.5406,30.4951
27240.0,1760027240,3.9061,0.9463,63,96.6508,3.6963,30.533
27300.0,1760027300,3.9,0.8344,63,96.6495,3.2543,30.3093
27360.0,1760027360,3.9087,0.8918,63,96.7143,3.4859,30.1298
27420.0,1760027420,3.9096,0.8359,64,96.552,3.268,30.2825
27480.0,1760027480,3.904,0.8745,64,96.6378,3.4139,30.1173
27540.0,1760027540,3.917,0.927,64,96.6006,3.631,30.5484
27600.0,1760027600,3.9213,0.8958,64,96.6192,3.5126,30.2715
27660.0,1760027660,3.9179,0.8221,64,96.519,3.2209,30.1773
27720.0,1760027720,3.9055,0.8288,64,96.45,3.2367,30.1487
27780.0,1760027780,3.9159,0.827,64,96.4029,3.2384,30.4631
27840.0,1760027840,3.9099,0.9219,64,96.4709,3.6045,29.8973
27900.0,1760027900,3.8973,1.0016,65,96.5152,3.9034,30.6084
27960.0,1760027960,3.9167,0.9673,65,96.52,3.7886,30.1691
28020.0,1760028020,3.9127,0.8049,65,96.6901,3.1492,29.7882
28080.0,1760028080,3.9371,0.971,65,96.6152,3.823,30.0448
28140.0,1760028140,3.9252,0.9468,65,96.4414,3.7164,29.8386
28200.0,1760028200,3.9185,0.8225,65,96.5379,3.2229,30.1929
28260.0,1760028260,3.9139,0.8841,65,96.4693,3.4603,29.8966
28320.0,1760028320,3.9134,0.9533,66,96.4708,3.7307,30.1862
28380.0,1760028380,3.9022,0.9251,66,96.5002,3.6098,30.3494
28440.0,1760028440,3.8953,0.8309,66,96.5267,3.2364,29.9055
28500.0,1760028500,3.9038,0.9254,66,96.4419,3.6124,30.0546
28560.0,1760028560,3.9129,0.7862,66,96.546,3.0763,29.7289
28620.0,1760028620,3.8917,0.8799,66,96.3614,3.4245,29.9795
28680.0,1760028680,3.908,0.9457,66,96.4452,3.6959,30.6172
28740.0,1760028740,3.9123,0.8873,67,96.6445,3.4712,30.2037
28800.0,1760028800,3.9119,0.8587,67,96.4466,3.359,29.9648
28860.0,1760028860,3.9081,0.9251,67,96.5354,3.6153,29.941
28920.0,1760028920,3.9111,0.9261,67,96.4202,3.6221,30.0481
28980.0,1760028980,3.9321,0.9394,67,96.4514,3.6938,30.0857
29040.0,1760029040,3.9215,0.9139,67,96.3926,3.5838,29.9478
29100.0,1760029100,3.9094,0.9203,67,96.3757,3.5977,30.1351
29160.0,1760029160,3.9143,0.8986,68,96.3193,3.5175,29.8134
29220.0,1760029220,3.9154,0.8708,68,96.4084,3.4095,29.7824
29280.0,1760029280,3.9077,0.8573,68,96.2982,3.3501,30.0296
29340.0,1760029340,3.9086,0.836,68,96.4119,3.2676,29.697
29400.0,1760029400,3.9267,0.7821,68,96.438,3.071,30.0256
29460.0,1760029460,3.9123,0.7895,68,96.3729,3.0888,29.875
29520.0,1760029520,3.9055,0.8175,68,96.3133,3.1929,29.5268
29580.0,1760029580,3.9165,0.8378,69,96.3651,3.2813,29.9226
29640.0,1760029640,3.918,0.8917,69,96.2967,3.4936,29.5988
29700.0,1760029700,3.8978,0.8112,69,96.3889,3.1618,30.0022
29760.0,1760029760,3.9162,0.8569,69,96.1603,3.3557,29.8423
29820.0,1760029820,3.926,0.8539,69,96.2728,3.3523,30.2518
29880.0,1760029880,3.9214,0.7813,69,96.1332,3.0638,30.0297
29940.0,1760029940,3.9395,0.8154,69,96.1658,3.2121,29.6225
30000.0,1760030000,3.931,0.766,70,96.3875,3.0111,29.3829
30060.0,1760030060,3.933,0.8366,70,96.343,3.2902,29.6843
30120.0,1760030120,3.946,0.7944,70,96.2069,3.1345,29.5491
30180.0,1760030180,3.9254,0.6949,70,96.1374,2.7279,30.0707
30240.0,1760030240,3.919,0.7542,70,96.0137,2.9557,29.7427
30300.0,1760030300,3.9282,0.82,70,96.2006,3.2211,29.9758
30360.0,1760030360,3.9142,0.7198,70,96.431,2.8173,29.6437
30420.0,1760030420,3.9202,0.7423,71,96.2656,2.9098,29.6744
30480.0,1760030480,3.9124,0.738,71,96.1795,2.8874,29.692
30540.0,1760030540,3.9233,0.6495,71,96.2549,2.5484,29.8407
30600.0,1760030600,3.9121,0.7174,71,96.0864,2.8064,29.7276
30660.0,1760030660,3.9124,0.6124,71,96.1811,2.3959,29.3614
30720.0,1760030720,3.9237,0.6409,71,96.2066,2.5145,29.9116
30780.0,1760030780,3.9182,0.7158,71,96.1855,2.8046,29.58
30840.0,1760030840,3.9007,0.6695,71,96.2494,2.6117,29.502
30900.0,1760030900,3.9053,0.626,72,96.2076,2.4447,28.9838
30960.0,1760030960,3.9086,0.6529,72,96.2274,2.5518,29.6895
31020.0,1760031020,3.9108,0.6167,72,96.1129,2.4117,29.5452
31080.0,1760031080,3.9245,0.6093,72,96.2339,2.3911,29.5305
31140.0,1760031140,3.9229,0.6303,72,96.2865,2.4726,29.4381
31200.0,1760031200,3.9304,0.5497,72,96.0728,2.1606,29.3305
31260.0,1760031260,3.9273,0.5766,72,96.0736,2.2644,29.3844
31320.0,1760031320,3.9314,0.5473,73,96.2458,2.1515,29.5187
31380.0,1760031380,3.9262,0.4717,73,96.118,1.8522,29.4848
31440.0,1760031440,3.9229,0.493,73,96.2401,1.934,29.319
31500.0,1760031500,3.9311,0.6053,73,96.0869,2.3794,29.636
31560.0,1760031560,3.9301,0.5338,73,96.2333,2.0979,29.3644
31620.0,1760031620,3.9242,0.4359,73,96.1221,1.7107,29.1922
31680.0,1760031680,3.9332,0.4125,73,96.127,1.6225,29.3051
31740.0,1760031740,3.8976,0.4712,74,96.2263,1.8365,29.0316
31800.0,1760031800,3.9173,0.542,74,96.067,2.1232,29.3977
31860.0,1760031860,3.917,0.4416,74,96.0156,1.7298,28.9535
31920.0,1760031920,3.9317,0.5032,74,96.0499,1.9784,29.0967
31980.0,1760031980,3.9363,0.4422,74,96.1171,1.7406,28.8407
32040.0,1760032040,3.9052,0.4348,74,95.9507,1.698,29.1945
32100.0,1760032100,3.9347,0.331,74,96.1221,1.3023,29.4593
32160.0,1760032160,3.9084,0.431,75,96.0233,1.6847,29.185
32220.0,1760032220,3.9093,0.3537,75,96.1535,1.3829,29.2662
32280.0,1760032280,3.917,0.3998,75,95.8655,1.5661,29.6357
32340.0,1760032340,3.9167,0.3021,75,95.9896,1.1831,29.1587
32400.0,1760032400,3.9039,0.3376,75,95.913,1.3181,28.9442
32460.0,1760032460,3.9263,0.3323,75,95.9774,1.3047,28.9583
32520.0,1760032520,3.927,0.2928,75,96.0589,1.1499,29.0431
32580.0,1760032580,3.9305,0.3065,76,96.0205,1.2047,28.9182
32640.0,1760032640,3.9155,0.2586,76,96.0103,1.0126,28.8856
32700.0,1760032700,3.9194,0.2251,76,96.0136,0.8821,29.1582
32760.0,1760032760,3.9196,0.3233,76,96.0385,1.2672,29.2357
32820.0,1760032820,3.9362,0.2809,76,95.9374,1.1057,28.6579
32880.0,1760032880,3.8916,0.1758,76,96.0706,0.6841,28.7302
32940.0,1760032940,3.9102,0.2276,76,96.0631,0.8899,28.8331
33000.0,1760033000,3.9197,0.1473,77,96.037,0.5773,28.9722
33060.0,1760033060,3.9087,0.1104,77,96.0468,0.4315,29.0421
33120.0,1760033120,3.9168,0.2065,77,96.0222,0.8087,29.4214
33180.0,1760033180,3.9187,0.0547,77,96.1576,0.2144,28.657
33240.0,1760033240,3.9124,0.1713,77,95.9841,0.6703,28.7509
33300.0,1760033300,3.9194,0.0974,77,95.9629,0.3817,28.8832
33360.0,1760033360,3.9248,0.0845,77,95.9236,0.3315,28.6092
33420.0,1760033420,3.9159,0.1005,78,95.8977,0.3936,28.7208
33480.0,1760033480,3.9135,0.0941,78,95.8773,0.3681,28.6514
33540.0,1760033540,3.9163,0.0086,78,95.9023,0.0338,28.1322
33600.0,1760033600,3.9181,0.0708,78,95.9644,0.2772,28.7214
33660.0,1760033660,3.9008,0.0255,78,95.9934,0.0993,28.6145
33720.0,1760033720,3.9225,-0.0581,78,95.9675,-0.2279,28.9217
33780.0,1760033780,3.9129,-0.0189,78,95.8989,-0.0738,28.6276
33840.0,1760033840,3.9306,0.0436,78,96.029,0.1714,28.3858
33900.0,1760033900,3.9236,0.0433,79,96.0129,0.1699,28.5753
33960.0,1760033960,3.9289,-0.0197,79,95.9379,-0.0775,28.1802
34020.0,1760034020,3.9067,-0.1302,79,95.8954,-0.5085,28.435
34080.0,1760034080,3.9134,-0.0611,79,95.9885,-0.2392,28.7394
34140.0,1760034140,3.9043,-0.0581,79,95.9566,-0.2269,28.5508
34200.0,1760034200,3.9088,-0.0794,79,95.8228,-0.3102,28.7921
34260.0,1760034260,3.9288,-0.0913,79,95.9303,-0.3588,28.2141
34320.0,1760034320,3.931,-0.1273,80,95.9538,-0.5005,28.5781
34380.0,1760034380,3.904,-0.164,80,95.8581,-0.6402,28.5511
34440.0,1760034440,3.9111,-0.2056,80,95.9424,-0.8041,28.8609
34500.0,1760034500,3.9141,-0.2848,80,95.8081,-1.1149,28.8579
34560.0,1760034560,3.9216,-0.1877,80,96.0286,-0.736,28.7644
34620.0,1760034620,3.8979,-0.21,80,96.0189,-0.8186,28.9523
34680.0,1760034680,3.8986,-0.206,80,95.8961,-0.8033,28.5574
34740.0,1760034740,3.9195,-0.3153,81,95.9428,-1.236,28.9757
34800.0,1760034800,3.8938,-0.2307,81,95.7183,-0.8982,28.4223
34860.0,1760034860,3.9091,-0.1746,81,95.816,-0.6824,28.3603
34920.0,1760034920,3.9152,-0.2877,81,95.8824,-1.1264,28.8077
34980.0,1760034980,3.9172,-0.3089,81,95.8176,-1.2101,28.3634
35040.0,1760035040,3.9121,-0.3045,81,95.958,-1.1914,28.7655
35100.0,1760035100,3.9101,-0.2324,81,96.0581,-0.9088,28.6037
35160.0,1760035160,3.9206,-0.3992,82,95.8017,-1.5651,28.9214
35220.0,1760035220,3.9149,-0.3517,82,95.8264,-1.3769,28.6472
35280.0,1760035280,3.9057,-0.4156,82,95.9098,-1.6233,28.7116
35340.0,1760035340,3.9128,-0.4166,82,96.0174,-1.6302,28.7932
35400.0,1760035400,3.9149,-0.4053,82,95.7883,-1.5867,28.5398
35460.0,1760035460,3.9285,-0.3489,82,95.9036,-1.3706,28.4761
35520.0,1760035520,3.9195,-0.3395,82,96.027,-1.3308,28.6948
35580.0,1760035580,3.9221,-0.4204,83,95.7468,-1.6487,28.6488
35640.0,1760035640,3.9037,-0.4747,83,95.7741,-1.853,28.6067
35700.0,1760035700,3.9046,-0.3441,83,95.8403,-1.3437,28.5572
35760.0,1760035760,3.9071,-0.503,83,95.8302,-1.9652,29.0098
35820.0,1760035820,3.9083,-0.5228,83,95.9345,-2.0433,28.6082
35880.0,1760035880,3.8991,-0.5955,83,95.8864,-2.3221,28.6507
35940.0,1760035940,3.9207,-0.4494,83,95.7228,-1.7619,28.2767
36000.0,1760036000,3.9174,-0.483,84,95.9036,-1.8923,28.6266
36060.0,1760036060,3.9048,-0.4227,84,95.8139,-1.6504,28.7082
36120.0,1760036120,3.9147,-0.625,84,95.9597,-2.4465,28.8959
36180.0,1760036180,3.9094,-0.4944,84,95.8052,-1.9327,28.6358
36240.0,1760036240,3.914,-0.5754,84,95.8021,-2.2521,28.8602
36300.0,1760036300,3.8935,-0.5501,84,95.8939,-2.1417,28.785
36360.0,1760036360,3.9052,-0.6841,84,95.9093,-2.6714,28.9585
36420.0,1760036420,3.9056,-0.5394,85,95.8817,-2.1067,28.8071
36480.0,1760036480,3.9112,-0.5844,85,95.7086,-2.2859,28.9502
36540.0,1760036540,3.8992,-0.6365,85,95.8841,-2.4818,28.6339
36600.0,1760036600,3.8795,-0.6129,85,95.7559,-2.3778,28.3735
36660.0,1760036660,3.8938,-0.6939,85,95.855,-2.7018,28.8264
36720.0,1760036720,3.9029,-0.6948,85,95.7199,-2.7118,28.8405
36780.0,1760036780,3.9046,-0.6991,85,95.867,-2.7295,28.9918
36840.0,1760036840,3.9199,-0.7784,85,95.7643,-3.0512,28.9874
36900.0,1760036900,3.9083,-0.6523,86,95.7237,-2.5495,29.0094
36960.0,1760036960,3.9037,-0.6453,86,95.8809,-2.5191,28.7286
37020.0,1760037020,3.902,-0.7493,86,95.8406,-2.9236,28.7235
37080.0,1760037080,3.9126,-0.7059,86,95.7696,-2.7617,28.356
37140.0,1760037140,3.8961,-0.7454,86,95.9322,-2.9042,28.7162
37200.0,1760037200,3.8994,-0.7244,86,95.7782,-2.8247,28.5172
37260.0,1760037260,3.8897,-0.7806,86,95.8134,-3.0365,28.705
37320.0,1760037320,3.9145,-0.8017,87,95.8296,-3.1382,28.6803
37380.0,1760037380,3.9034,-0.713,87,95.7559,-2.783,28.6827
37440.0,1760037440,3.8924,-0.7766,87,95.8404,-3.0228,28.6098
37500.0,1760037500,3.8976,-0.6799,87,95.7572,-2.6499,28.7288
37560.0,1760037560,3.9034,-0.7861,87,95.7642,-3.0683,28.0721
37620.0,1760037620,3.8961,-0.8418,87,95.9033,-3.2799,28.6893
37680.0,1760037680,3.8919,-0.7411,87,95.7081,-2.8844,28.8011
37740.0,1760037740,3.8897,-0.7777,88,95.5955,-3.0249,28.9538
37800.0,1760037800,3.9008,-0.7793,88,95.9144,-3.0401,28.7175
37860.0,1760037860,3.8938,-0.7624,88,95.9865,-2.9687,28.8845
37920.0,1760037920,3.8912,-0.8606,88,95.7471,-3.3488,28.6498
37980.0,1760037980,3.8813,-0.8401,88,95.6215,-3.2608,28.5902
38040.0,1760038040,3.8957,-0.8479,88,95.7485,-3.3032,28.6916
38100.0,1760038100,3.8926,-0.9092,88,95.7473,-3.5392,28.6241
38160.0,1760038160,3.8908,-0.8629,89,95.7518,-3.3575,28.4212
38220.0,1760038220,3.8952,-0.7878,89,95.6746,-3.0686,28.4045
38280.0,1760038280,3.9009,-0.8473,89,95.8068,-3.3054,28.3227
38340.0,1760038340,3.9,-0.9309,89,95.799,-3.6304,28.7076
38400.0,1760038400,3.8972,-0.9455,89,95.6341,-3.6848,28.6059
38460.0,1760038460,3.8897,-0.7883,89,95.8062,-3.0665,28.3958
38520.0,1760038520,3.8865,-0.8797,89,95.911,-3.4191,28.4176
38580.0,1760038580,3.8805,-0.911,90,95.757,-3.5351,28.6469
38640.0,1760038640,3.8844,-0.8955,90,95.7126,-3.4783,28.6796
38700.0,1760038700,3.8901,-0.9585,90,95.7246,-3.7288,28.3378
38760.0,1760038760,3.8819,-0.8162,90,95.7815,-3.1682,28.1825
38820.0,1760038820,3.8893,-0.9094,90,95.59,-3.5368,28.6955
38880.0,1760038880,3.879,-0.8235,90,95.7378,-3.1943,28.1509
38940.0,1760038940,3.8713,-0.8912,90,95.6896,-3.45,28.5796
39000.0,1760039000,3.8966,-0.8239,91,95.8647,-3.2105,28.7297
39060.0,1760039060,3.8823,-0.884,91,95.699,-3.4319,28.7682
39120.0,1760039120,3.879,-0.8553,91,95.8423,-3.3176,28.559
39180.0,1760039180,3.8748,-0.8629,91,95.6165,-3.3435,28.5493
39240.0,1760039240,3.8902,-0.8683,91,95.7476,-3.3779,28.8524
39300.0,1760039300,3.8991,-0.8825,91,95.7219,-3.4408,27.9365
39360.0,1760039360,3.8804,-0.9116,91,95.6226,-3.5375,28.3239
39420.0,1760039420,3.8822,-0.8041,92,95.7019,-3.1217,28.4905
39480.0,1760039480,3.895,-0.9449,92,95.7803,-3.6802,28.356
39540.0,1760039540,3.865,-0.8987,92,95.653,-3.4734,28.6246
39600.0,1760039600,3.9018,-0.8973,92,95.539,-3.5009,28.3577
39660.0,1760039660,3.9067,-0.8768,92,95.6683,-3.4253,28.3656
39720.0,1760039720,3.8544,-0.917,92,95.5929,-3.5344,28.3066
39780.0,1760039780,3.8802,-0.8781,92,95.633,-3.4073,28.2161
39840.0,1760039840,3.8736,-0.9004,92,95.6491,-3.4879,28.2192
39900.0,1760039900,3.877,-0.9689,93,95.5143,-3.7566,28.4278
39960.0,1760039960,3.875,-0.887,93,95.5166,-3.4371,28.1432
40020.0,1760040020,3.8877,-0.9399,93,95.6794,-3.6539,28.5212
40080.0,1760040080,3.8775,-0.9687,93,95.594,-3.756,28.4745
40140.0,1760040140,3.8682,-0.872,93,95.4255,-3.373,28.4765
40200.0,1760040200,3.8764,-0.8511,93,95.6883,-3.2991,28.0043
40260.0,1760040260,3.8826,-0.8455,93,95.6421,-3.2827,27.876
40320.0,1760040320,3.8647,-0.8396,94,95.5579,-3.2448,28.2005
40380.0,1760040380,3.8594,-0.9605,94,95.5043,-3.7068,28.8681
40440.0,1760040440,3.8961,-0.9275,94,95.671,-3.6138,28.5054
40500.0,1760040500,3.8691,-0.7562,94,95.6266,-2.9259,27.9945
40560.0,1760040560,3.8745,-0.9024,94,95.7837,-3.4964,28.2975
40620.0,1760040620,3.8706,-0.8144,94,95.6211,-3.1524,28.2781
40680.0,1760040680,3.8795,-0.874,94,95.6128,-3.3908,27.8968
40740.0,1760040740,3.8911,-0.8301,95,95.5626,-3.2301,28.3996
40800.0,1760040800,3.879,-0.86,95,95.6355,-3.336,28.1064
40860.0,1760040860,3.8575,-0.7943,95,95.6142,-3.0638,28.0595
40920.0,1760040920,3.8586,-0.8092,95,95.6584,-3.1225,28.0847
40980.0,1760040980,3.8672,-0.832,95,95.5105,-3.2176,28.3175
41040.0,1760041040,3.8681,-0.8554,95,95.5113,-3.3088,27.9466
41100.0,1760041100,3.853,-0.7826,95,95.5016,-3.0153,27.6884
41160.0,1760041160,3.8784,-0.8495,96,95.597,-3.2946,28.1383
41220.0,1760041220,3.8592,-0.7601,96,95.6473,-2.9333,27.5839
41280.0,1760041280,3.8837,-0.6425,96,95.4844,-2.4954,27.8288
41340.0,1760041340,3.8865,-0.6985,96,95.4807,-2.7149,28.1617
41400.0,1760041400,3.8656,-0.7221,96,95.5333,-2.7914,28.0494
41460.0,1760041460,3.8718,-0.7541,96,95.482,-2.9196,28.1581
41520.0,1760041520,3.8551,-0.8383,96,95.5712,-3.2316,28.1316
41580.0,1760041580,3.8719,-0.7988,97,95.3082,-3.0928,28.4485
41640.0,1760041640,3.8607,-0.6597,97,95.4155,-2.5469,27.7281
41700.0,1760041700,3.8544,-0.7542,97,95.4122,-2.9071,27.9916
41760.0,1760041760,3.8612,-0.7405,97,95.2823,-2.8591,27.8038
41820.0,1760041820,3.8595,-0.7043,97,95.384,-2.7183,28.0445
41880.0,1760041880,3.8605,-0.7395,97,95.3809,-2.8547,27.8596
41940.0,1760041940,3.873,-0.7379,97,95.431,-2.8577,28.205
42000.0,1760042000,3.8557,-0.669,98,95.529,-2.5795,27.6906
42060.0,1760042060,3.8799,-0.7008,98,95.4132,-2.7191,28.0943
42120.0,1760042120,3.8485,-0.6829,98,95.3431,-2.6281,27.9078
42180.0,1760042180,3.8779,-0.6743,98,95.4138,-2.6148,27.7666
42240.0,1760042240,3.8515,-0.5983,98,95.495,-2.3045,27.8115
42300.0,1760042300,3.8604,-0.6251,98,95.3256,-2.4132,27.7674
42360.0,1760042360,3.8551,-0.6113,98,95.3234,-2.3566,27.7661
42420.0,1760042420,3.8567,-0.5612,99,95.4334,-2.1645,27.6042
42480.0,1760042480,3.8673,-0.5867,99,95.3635,-2.2691,27.5165
42540.0,1760042540,3.8742,-0.5819,99,95.4255,-2.2545,27.5768
42600.0,1760042600,3.8704,-0.5327,99,95.3649,-2.0618,27.2586
42660.0,1760042660,3.8543,-0.5109,99,95.4145,-1.9691,27.737
42720.0,1760042720,3.859,-0.5396,99,95.2678,-2.0822,27.3354
42780.0,1760042780,3.8493,-0.5159,99,95.3419,-1.986,27.511
42840.0,1760042840,3.8467,-0.5467,99,95.3182,-2.1029,27.6996
42900.0,1760042900,3.8443,-0.5381,100,95.2299,-2.0686,27.722
42960.0,1760042960,3.8508,-0.4439,100,95.1942,-1.7095,27.1148
43020.0,1760043020,3.8581,-0.4473,100,95.3662,-1.7259,27.4451
43080.0,1760043080,3.8357,-0.4339,100,95.2752,-1.6642,27.5357
43140.0,1760043140,3.8536,-0.4295,100,95.2135,-1.6553,27.4417
43200.0,1760043200,3.8692,-0.4281,100,95.2795,-1.6564,27.69
43260.0,1760043260,3.8653,-0.3823,100,95.3693,-1.4776,27.2112
43320.0,1760043320,3.8465,-0.3569,101,95.0885,-1.3729,26.9366
43380.0,1760043380,3.8382,-0.3446,101,95.143,-1.3225,27.4897
43440.0,1760043440,3.8566,-0.3815,101,95.1807,-1.4714,27.241
43500.0,1760043500,3.8294,-0.2934,101,95.3632,-1.1235,26.9174
43560.0,1760043560,3.8628,-0.3375,101,95.2606,-1.3035,27.2638
43620.0,1760043620,3.8493,-0.3033,101,95.2911,-1.1675,27.5056
43680.0,1760043680,3.8686,-0.3068,101,95.1301,-1.1868,27.0008
43740.0,1760043740,3.8326,-0.2944,102,95.1234,-1.1283,27.702
43800.0,1760043800,3.8593,-0.3293,102,95.2404,-1.2709,27.0865
43860.0,1760043860,3.8485,-0.2431,102,95.2008,-0.9357,27.1939
43920.0,1760043920,3.846,-0.1216,102,95.2315,-0.4675,26.8267
43980.0,1760043980,3.835,-0.2681,102,95.1641,-1.0282,27.1875
44040.0,1760044040,3.8544,-0.2313,102,95.1929,-0.8915,27.1144
44100.0,1760044100,3.8548,-0.2425,102,95.1748,-0.935,26.8437
44160.0,1760044160,3.8658,-0.23,103,95.2158,-0.8891,27.6882
44220.0,1760044220,3.8576,-0.1136,103,95.2095,-0.4384,26.9224
44280.0,1760044280,3.8403,-0.2097,103,95.0068,-0.8055,26.9909
44340.0,1760044340,3.8356,-0.185,103,94.948,-0.7095,27.2554
44400.0,1760044400,3.8328,-0.2258,103,95.1993,-0.8654,27.4486
44460.0,1760044460,3.861,-0.1694,103,95.2056,-0.654,27.2575
44520.0,1760044520,3.8372,-0.202,103,95.0202,-0.7751,26.8097
44580.0,1760044580,3.8591,-0.07,104,94.9444,-0.2702,26.9788
44640.0,1760044640,3.85,0.0534,104,95.0925,0.2055,26.5381
44700.0,1760044700,3.848,-0.0899,104,95.1504,-0.346,27.1157
44760.0,1760044760,3.8417,-0.1399,104,95.211,-0.5373,26.64
44820.0,1760044820,3.8505,0.0035,104,95.0998,0.0136,26.6891
44880.0,1760044880,3.8431,-0.0627,104,95.0201,-0.2411,26.8883
44940.0,1760044940,3.839,0.0537,104,94.9697,0.206,26.9625
45000.0,1760045000,3.8497,-0.0103,105,95.0334,-0.0398,26.7785
45060.0,1760045060,3.8409,-0.0127,105,94.9998,-0.0489,27.1283
45120.0,1760045120,3.8337,0.025,105,94.9338,0.096,26.9709
45180.0,1760045180,3.8486,0.0869,105,95.1703,0.3344,26.9966
45240.0,1760045240,3.8416,0.0527,105,95.1405,0.2024,26.5864
45300.0,1760045300,3.8465,0.0543,105,95.0799,0.2087,27.1654
45360.0,1760045360,3.836,0.0842,105,94.9066,0.3229,26.6809
45420.0,1760045420,3.8289,0.0455,106,95.04,0.1742,27.1501
45480.0,1760045480,3.8579,0.1439,106,95.0142,0.5552,27.2779
45540.0,1760045540,3.8557,0.0496,106,94.9897,0.1914,26.8927
45600.0,1760045600,3.8491,0.1317,106,95.0457,0.5067,27.0544
45660.0,1760045660,3.8359,0.2067,106,94.9879,0.7928,26.2836
45720.0,1760045720,3.8365,0.1986,106,94.9877,0.7621,26.847
45780.0,1760045780,3.8531,0.2277,106,94.9708,0.8775,27.1219
45840.0,1760045840,3.8353,0.2097,106,94.9386,0.8041,27.0642
45900.0,1760045900,3.8314,0.286,107,94.7601,1.0959,26.6888
45960.0,1760045960,3.857,0.2883,107,94.9009,1.1121,26.8682
46020.0,1760046020,3.8373,0.2789,107,94.8412,1.0703,26.4045
46080.0,1760046080,3.8549,0.3174,107,94.7748,1.2236,27.0176
46140.0,1760046140,3.8242,0.3229,107,95.0033,1.2348,26.5552
46200.0,1760046200,3.8432,0.2777,107,94.9987,1.0671,27.1143
46260.0,1760046260,3.8584,0.2466,107,94.9607,0.9515,27.0924
46320.0,1760046320,3.8373,0.3489,108,94.864,1.3389,26.8354
46380.0,1760046380,3.8346,0.3692,108,94.9432,1.4158,27.0434
46440.0,1760046440,3.8248,0.4103,108,94.8278,1.5695,26.9212
46500.0,1760046500,3.8472,0.3228,108,94.8348,1.2419,26.9356
46560.0,1760046560,3.8279,0.338,108,94.7228,1.2938,26.6627
46620.0,1760046620,3.8351,0.4199,108,94.8338,1.6104,27.0749
46680.0,1760046680,3.8234,0.4068,108,94.7987,1.5555,26.6044
46740.0,1760046740,3.8506,0.3295,109,94.6815,1.2687,26.4976
46800.0,1760046800,3.8469,0.4558,109,94.7735,1.7533,26.9331
46860.0,1760046860,3.8349,0.3575,109,94.7632,1.371,26.8295
46920.0,1760046920,3.8242,0.4159,109,94.9053,1.5904,26.9658
46980.0,1760046980,3.8506,0.5436,109,94.8251,2.0931,26.8765
47040.0,1760047040,3.8311,0.58,109,94.7465,2.222,27.4057
47100.0,1760047100,3.8237,0.4406,109,94.7575,1.6845,26.9421
47160.0,1760047160,3.8169,0.4973,110,94.7333,1.8982,26.995
47220.0,1760047220,3.8278,0.5282,110,94.7057,2.022,27.0057
47280.0,1760047280,3.8192,0.6273,110,94.6276,2.3959,27.2393
47340.0,1760047340,3.8278,0.5256,110,94.6944,2.012,27.0657
47400.0,1760047400,3.8411,0.5383,110,94.6391,2.0677,27.0422
47460.0,1760047460,3.8296,0.6513,110,94.5911,2.4941,27.1846
47520.0,1760047520,3.8375,0.5666,110,94.7244,2.1745,26.5981
47580.0,1760047580,3.8266,0.6329,111,94.7073,2.4217,26.6519
47640.0,1760047640,3.8335,0.5341,111,94.5256,2.0475,26.9084
47700.0,1760047700,3.8527,0.6104,111,94.6513,2.3518,26.9386
47760.0,1760047760,3.8303,0.5469,111,94.7334,2.0947,27.0366
47820.0,1760047820,3.8376,0.5878,111,94.7311,2.2557,26.9509
47880.0,1760047880,3.818,0.693,111,94.7212,2.646,27.1409
47940.0,1760047940,3.8484,0.6589,111,94.635,2.5357,26.7417
48000.0,1760048000,3.828,0.6556,112,94.5572,2.5095,26.9796
48060.0,1760048060,3.8432,0.644,112,94.531,2.4751,26.6979
48120.0,1760048120,3.832,0.6802,112,94.6382,2.6065,27.0661
48180.0,1760048180,3.8393,0.7158,112,94.634,2.7483,26.6353
48240.0,1760048240,3.8402,0.7593,112,94.6997,2.9159,27.1091
48300.0,1760048300,3.8289,0.5881,112,94.6779,2.2516,26.6024
48360.0,1760048360,3.8438,0.6867,112,94.5725,2.6395,26.8922
48420.0,1760048420,3.8248,0.745,113,94.4768,2.8495,27.1884
48480.0,1760048480,3.8406,0.7407,113,94.5441,2.8445,27.0453
48540.0,1760048540,3.8291,0.7741,113,94.5804,2.9641,26.6914
48600.0,1760048600,3.8363,0.7754,113,94.5403,2.9749,26.8811
48660.0,1760048660,3.8281,0.7547,113,94.5037,2.8892,26.6928
48720.0,1760048720,3.8335,0.7513,113,94.5637,2.8803,26.6454
48780.0,1760048780,3.822,0.7729,113,94.4968,2.954,27.0193
48840.0,1760048840,3.8352,0.8499,113,94.4806,3.2594,27.1635
48900.0,1760048900,3.8336,0.7629,114,94.5495,2.9245,27.0642
48960.0,1760048960,3.8275,0.8031,114,94.4862,3.074,27.123
49020.0,1760049020,3.8326,0.822,114,94.5318,3.1506,27.0095
49080.0,1760049080,3.8346,0.8973,114,94.5281,3.4406,27.0117
49140.0,1760049140,3.8266,0.8104,114,94.4091,3.1009,26.7766
49200.0,1760049200,3.8318,0.8792,114,94.4558,3.3689,26.9526
49260.0,1760049260,3.8238,0.8985,114,94.6035,3.4358,26.7863
49320.0,1760049320,3.8564,0.8392,115,94.3897,3.2362,26.8285
49380.0,1760049380,3.8432,0.837,115,94.3076,3.2168,27.0081
49440.0,1760049440,3.8355,0.8361,115,94.3223,3.2067,26.9605
49500.0,1760049500,3.8454,0.8444,115,94.468,3.2471,27.5984
49560.0,1760049560,3.8139,0.9044,115,94.4626,3.4494,26.7589
49620.0,1760049620,3.8082,0.8775,115,94.4453,3.3416,26.9762
49680.0,1760049680,3.8304,0.8817,115,94.5464,3.3772,26.7145
49740.0,1760049740,3.8192,0.8174,116,94.2302,3.1218,26.8651
49800.0,1760049800,3.8319,0.8288,116,94.4704,3.1759,26.8771
49860.0,1760049860,3.8369,0.9876,116,94.5584,3.7893,27.2374
49920.0,1760049920,3.8431,0.8745,116,94.3381,3.361,26.883
49980.0,1760049980,3.823,0.8474,116,94.3929,3.2398,26.9079
50040.0,1760050040,3.8384,0.9602,116,94.3581,3.6858,26.9454
50100.0,1760050100,3.8346,0.905,116,94.3418,3.4705,26.7021
50160.0,1760050160,3.8383,0.9219,117,94.3824,3.5384,26.8604
50220.0,1760050220,3.8305,0.8878,117,94.5178,3.4007,26.8823
50280.0,1760050280,3.8498,0.8803,117,94.5459,3.389,26.9626
50340.0,1760050340,3.8343,0.889,117,94.3673,3.4086,27.0618
50400.0,1760050400,3.8541,0.8293,117,94.542,3.1964,26.8506
50460.0,1760050460,3.8279,0.8948,117,94.3879,3.4253,26.8948
50520.0,1760050520,3.8441,0.9145,117,94.5208,3.5155,26.6122
50580.0,1760050580,3.8355,0.9925,118,94.3686,3.8067,27.1221
50640.0,1760050640,3.8331,0.9043,118,94.3822,3.4661,26.7998
50700.0,1760050700,3.843,0.783,118,94.3966,3.009,26.9869
50760.0,1760050760,3.835,0.8945,118,94.6174,3.4304,27.1855
50820.0,1760050820,3.8107,1.0354,118,94.427,3.9456,26.9929
50880.0,1760050880,3.8062,0.9407,118,94.2982,3.5806,26.7457
50940.0,1760050940,3.8505,0.8556,118,94.4282,3.2944,26.8746
51000.0,1760051000,3.8497,0.9242,119,94.3177,3.5578,26.9982
51060.0,1760051060,3.8565,0.8557,119,94.3035,3.3001,26.8064
51120.0,1760051120,3.8382,0.8231,119,94.4114,3.1593,26.7264
51180.0,1760051180,3.8254,0.8711,119,94.3374,3.3324,26.9861
51240.0,1760051240,3.8344,0.8906,119,94.3534,3.4149,26.9844
51300.0,1760051300,3.8389,0.7896,119,94.3284,3.0313,26.7308
51360.0,1760051360,3.8291,0.8228,119,94.3506,3.1504,26.4917
51420.0,1760051420,3.8559,0.8775,120,94.354,3.3835,26.9536
51480.0,1760051480,3.8612,0.853,120,94.1614,3.2937,26.6854
51540.0,1760051540,3.8449,0.8894,120,94.3662,3.4197,26.907
51600.0,1760051600,3.8396,0.8049,120,94.2308,3.0906,26.8229
51660.0,1760051660,3.8268,0.8971,120,94.1905,3.4332,26.4849
51720.0,1760051720,3.8561,0.7977,120,94.2978,3.0762,26.7956
51780.0,1760051780,3.8417,0.9343,120,94.3058,3.5895,26.9879
51840.0,1760051840,3.838,0.7614,121,94.2403,2.9225,26.8705
51900.0,1760051900,3.8466,0.7874,121,94.359,3.0288,26.7837
51960.0,1760051960,3.8354,0.8575,121,94.1819,3.2887,26.4173
52020.0,1760052020,3.8434,0.9141,121,94.2536,3.5133,27.11
52080.0,1760052080,3.8277,0.8407,121,94.2362,3.2181,26.8746
52140.0,1760052140,3.8536,0.847,121,94.2762,3.2639,26.5533
52200.0,1760052200,3.8421,0.8133,121,94.2991,3.125,26.6062
52260.0,1760052260,3.8545,0.7545,121,94.1932,2.9084,26.7596
52320.0,1760052320,3.8419,0.7745,122,94.3288,2.9757,26.8621
52380.0,1760052380,3.8426,0.7314,122,94.2729,2.8105,26.5908
52440.0,1760052440,3.8314,0.7208,122,94.1136,2.7616,26.8418
52500.0,1760052500,3.8515,0.7973,122,94.1054,3.0708,26.3763
52560.0,1760052560,3.8362,0.7133,122,94.2582,2.7365,26.4561
52620.0,1760052620,3.8404,0.7775,122,94.2387,2.9861,26.3001
52680.0,1760052680,3.8456,0.6883,122,94.2453,2.6471,26.4591
52740.0,1760052740,3.8472,0.7599,123,94.2486,2.9234,26.9945
52800.0,1760052800,3.8294,0.7121,123,94.2662,2.7268,27.0633
52860.0,1760052860,3.8448,0.7981,123,94.3212,3.0684,26.7647
52920.0,1760052920,3.8546,0.7349,123,94.1539,2.8329,26.5368
52980.0,1760052980,3.8432,0.7714,123,94.1463,2.9645,26.6465
53040.0,1760053040,3.8451,0.6624,123,94.15,2.5471,26.6957
53100.0,1760053100,3.8499,0.6934,123,94.2579,2.6696,26.3106
53160.0,1760053160,3.8478,0.6318,124,94.3318,2.431,26.4568
53220.0,1760053220,3.8385,0.6502,124,94.1952,2.4958,26.8705
53280.0,1760053280,3.8479,0.6476,124,94.027,2.4921,26.3698
53340.0,1760053340,3.859,0.6141,124,94.0882,2.3698,26.3999
53400.0,1760053400,3.8392,0.5791,124,94.1554,2.2233,26.522
53460.0,1760053460,3.8465,0.5585,124,94.1749,2.1483,26.5571
53520.0,1760053520,3.8369,0.5013,124,94.1843,1.9235,26.3275
53580.0,1760053580,3.8607,0.5545,125,94.2176,2.1406,26.5081
53640.0,1760053640,3.8506,0.6274,125,94.1871,2.416,26.6705
53700.0,1760053700,3.844,0.5047,125,94.2935,1.9402,26.8409
53760.0,1760053760,3.8531,0.5047,125,94.153,1.9447,26.4213
53820.0,1760053820,3.8405,0.6509,125,94.1356,2.5,26.5532
53880.0,1760053880,3.8431,0.5177,125,94.2405,1.9896,26.7584
53940.0,1760053940,3.8385,0.5536,125,94.0768,2.1248,26.3698
54000.0,1760054000,3.8436,0.5575,126,94.2284,2.1426,26.216
54060.0,1760054060,3.8681,0.5461,126,94.203,2.1125,26.52
54120.0,1760054120,3.8475,0.4244,126,94.1805,1.633,26.586
54180.0,1760054180,3.8606,0.4764,126,94.3169,1.8392,26.4828
54240.0,1760054240,3.8471,0.3943,126,94.1376,1.5169,26.3238
54300.0,1760054300,3.8646,0.5846,126,94.3497,2.2594,26.2042
54360.0,1760054360,3.8462,0.3696,126,94.1643,1.4215,26.3085
54420.0,1760054420,3.8569,0.3838,127,94.0777,1.4803,26.5767
54480.0,1760054480,3.858,0.3709,127,94.183,1.4309,26.0714
54540.0,1760054540,3.8807,0.3347,127,94.0888,1.299,26.2389
54600.0,1760054600,3.8643,0.4637,127,94.1122,1.7919,26.3121
54660.0,1760054660,3.853,0.5036,127,94.2016,1.9403,26.2806
54720.0,1760054720,3.8663,0.345,127,94.2117,1.3338,26.3416
54780.0,1760054780,3.8808,0.2889,127,94.1149,1.1213,26.3346
54840.0,1760054840,3.8442,0.2292,128,94.241,0.881,26.2835
54900.0,1760054900,3.8525,0.3148,128,94.252,1.2129,26.0689
54960.0,1760054960,3.8591,0.2971,128,94.2717,1.1466,25.9198
55020.0,1760055020,3.8574,0.2662,128,94.1965,1.0268,26.2757
55080.0,1760055080,3.859,0.2955,128,94.2605,1.1405,26.1446
55140.0,1760055140,3.8485,0.2899,128,93.9983,1.1156,26.6079
55200.0,1760055200,3.8766,0.2719,128,94.1206,1.0539,26.6018
55260.0,1760055260,3.8486,0.2254,128,94.0739,0.8674,26.5851
55320.0,1760055320,3.8617,0.1716,129,94.15,0.6625,25.955
55380.0,1760055380,3.8743,0.2453,129,94.0919,0.9503,26.3152
55440.0,1760055440,3.8641,0.1979,129,94.1215,0.7649,26.3369
55500.0,1760055500,3.8559,0.227,129,94.2825,0.8752,26.337
55560.0,1760055560,3.8519,0.2073,129,94.1154,0.7984,26.0981
55620.0,1760055620,3.8637,0.0818,129,94.1591,0.3162,26.3239
55680.0,1760055680,3.8586,0.0663,129,94.1045,0.256,26.0553
55740.0,1760055740,3.8688,0.0853,130,94.1261,0.3302,26.0956
55800.0,1760055800,3.8532,0.0553,130,94.1174,0.2133,25.738
55860.0,1760055860,3.876,0.1309,130,94.1497,0.5075,26.2347
55920.0,1760055920,3.8697,0.0957,130,94.2039,0.3704,26.0252
55980.0,1760055980,3.8711,0.1181,130,94.2393,0.4571,26.1879
56040.0,1760056040,3.8836,0.0679,130,94.1291,0.2636,26.1016
56100.0,1760056100,3.8653,0.0434,130,94.1482,0.1678,26.071
56160.0,1760056160,3.8622,0.0779,131,94.0056,0.3009,26.0532
56220.0,1760056220,3.8649,0.0263,131,94.0873,0.1017,26.1784
56280.0,1760056280,3.8693,-0.0089,131,94.1662,-0.0342,25.9673
56340.0,1760056340,3.8707,0.0467,131,94.1568,0.1807,25.7464
56400.0,1760056400,3.8635,-0.0367,131,94.1009,-0.1416,26.1433
56460.0,1760056460,3.8523,-0.0727,131,94.1513,-0.28,25.8967
56520.0,1760056520,3.8672,-0.1144,131,94.1161,-0.4424,25.8273
56580.0,1760056580,3.8772,-0.0524,132,94.1692,-0.2031,25.8383
56640.0,1760056640,3.875,-0.0407,132,94.0926,-0.1577,26.0904
56700.0,1760056700,3.8858,-0.12,132,94.0372,-0.4665,26.0783
56760.0,1760056760,3.8941,-0.0671,132,94.0888,-0.2611,25.6291
56820.0,1760056820,3.8813,-0.2459,132,93.8236,-0.9542,26.1224
56880.0,1760056880,3.8893,-0.165,132,94.0847,-0.6417,26.3688
56940.0,1760056940,3.882,-0.179,132,93.7582,-0.695,26.0565
57000.0,1760057000,3.8926,-0.2281,133,93.9082,-0.8881,26.1536
57060.0,1760057060,3.8954,-0.0873,133,94.0781,-0.3401,26.2833
57120.0,1760057120,3.8868,-0.2245,133,94.076,-0.8724,26.3442
57180.0,1760057180,3.8841,-0.2561,133,93.9406,-0.9948,26.4156
57240.0,1760057240,3.8756,-0.249,133,93.9724,-0.9649,25.6518
57300.0,1760057300,3.8786,-0.3649,133,94.1347,-1.4151,26.6466
57360.0,1760057360,3.8753,-0.3171,133,93.9819,-1.2288,26.3899
57420.0,1760057420,3.8864,-0.2442,134,94.1956,-0.9492,26.6976
57480.0,1760057480,3.8725,-0.3391,134,94.0115,-1.3131,26.1257
57540.0,1760057540,3.8784,-0.3632,134,94.0397,-1.4086,25.9499
57600.0,1760057600,3.8577,-0.2703,134,94.1318,-1.0428,26.2308
57660.0,1760057660,3.8983,-0.2827,134,94.0082,-1.1022,26.1854
57720.0,1760057720,3.8788,-0.3377,134,93.9128,-1.3101,26.4165
57780.0,1760057780,3.8864,-0.4001,134,93.9794,-1.5549,26.5519
57840.0,1760057840,3.8969,-0.403,135,93.9804,-1.5703,26.3231
57900.0,1760057900,3.8852,-0.4447,135,93.8691,-1.7278,26.3272
57960.0,1760057960,3.8975,-0.4677,135,93.9528,-1.8227,26.4996
58020.0,1760058020,3.8708,-0.4835,135,93.9088,-1.8714,26.3579
58080.0,1760058080,3.9083,-0.4753,135,94.037,-1.8577,26.3362
58140.0,1760058140,3.8953,-0.5092,135,93.9606,-1.9835,26.6403
58200.0,1760058200,3.8868,-0.5486,135,93.9299,-2.1322,26.718
58260.0,1760058260,3.8994,-0.4722,135,93.9387,-1.8413,26.6234
58320.0,1760058320,3.874,-0.4841,136,93.9596,-1.8754,26.3842
58380.0,1760058380,3.8834,-0.4233,136,93.9856,-1.6439,25.943
58440.0,1760058440,3.9004,-0.5542,136,93.8507,-2.1614,26.4478
58500.0,1760058500,3.8677,-0.5182,136,93.8418,-2.0041,26.299
58560.0,1760058560,3.8932,-0.5294,136,94.0078,-2.0611,26.4355
58620.0,1760058620,3.8927,-0.5697,136,93.8807,-2.2176,26.3615
58680.0,1760058680,3.9071,-0.5315,136,93.7945,-2.0767,26.463
58740.0,1760058740,3.8727,-0.5416,137,93.9375,-2.0974,26.2695
58800.0,1760058800,3.905,-0.5754,137,93.9331,-2.2471,26.2504
58860.0,1760058860,3.8829,-0.6159,137,93.7676,-2.3913,26.7856
58920.0,1760058920,3.8851,-0.6321,137,93.9023,-2.4557,26.3623
58980.0,1760058980,3.8779,-0.6935,137,93.9366,-2.6894,26.6077
59040.0,1760059040,3.8795,-0.6762,137,93.9015,-2.6233,26.787
59100.0,1760059100,3.8949,-0.6776,137,93.9159,-2.6391,26.7824
59160.0,1760059160,3.8793,-0.7131,138,93.7466,-2.7663,26.7894
59220.0,1760059220,3.8989,-0.6451,138,93.8791,-2.5152,26.6391
59280.0,1760059280,3.8849,-0.6173,138,93.8219,-2.3982,26.7036
59340.0,1760059340,3.8797,-0.7324,138,93.801,-2.8414,26.928
59400.0,1760059400,3.8875,-0.6825,138,93.9026,-2.653,26.7011
59460.0,1760059460,3.8967,-0.7578,138,93.9447,-2.9529,26.3116
59520.0,1760059520,3.891,-0.7306,138,93.9632,-2.8427,26.5542
59580.0,1760059580,3.8943,-0.7589,139,93.918,-2.9554,26.8246
59640.0,1760059640,3.9007,-0.7031,139,93.7972,-2.7427,26.5181
59700.0,1760059700,3.9051,-0.7758,139,93.8273,-3.0296,27.0286
59760.0,1760059760,3.8916,-0.6997,139,93.8535,-2.7231,26.634
59820.0,1760059820,3.8844,-0.7708,139,93.7948,-2.9942,26.7235
59880.0,1760059880,3.8959,-0.799,139,93.7885,-3.1129,26.9569
59940.0,1760059940,3.9004,-0.837,139,93.8368,-3.2647,26.7289
60000.0,1760060000,3.8811,-0.7693,140,93.759,-2.9856,26.7496
60060.0,1760060060,3.8868,-0.7445,140,93.6981,-2.8938,26.8775
60120.0,1760060120,3.889,-0.7828,140,93.716,-3.0441,26.437
60180.0,1760060180,3.8948,-0.6914,140,93.7925,-2.6928,26.6046
60240.0,1760060240,3.8893,-0.7385,140,93.7346,-2.8724,26.8685
60300.0,1760060300,3.9044,-0.8319,140,93.7541,-3.2479,26.7938
60360.0,1760060360,3.8817,-0.8386,140,93.773,-3.2553,27.0829
60420.0,1760060420,3.8818,-0.8052,141,93.6818,-3.1258,26.451
60480.0,1760060480,3.895,-0.8764,141,93.7647,-3.4135,26.4886
60540.0,1760060540,3.8967,-0.7817,141,93.7268,-3.0461,26.9083
60600.0,1760060600,3.8836,-0.8272,141,93.59,-3.2126,26.9675
60660.0,1760060660,3.8934,-0.8375,141,93.7963,-3.2609,26.7676
60720.0,1760060720,3.8949,-0.8208,141,93.6331,-3.1971,26.8766
60780.0,1760060780,3.8948,-0.7736,141,93.5329,-3.0131,26.9115
60840.0,1760060840,3.9008,-0.8556,142,93.5737,-3.3373,26.669
60900.0,1760060900,3.8929,-0.8739,142,93.5677,-3.4018,26.7089
60960.0,1760060960,3.9149,-0.7966,142,93.6455,-3.1187,26.8302
61020.0,1760061020,3.9052,-0.8273,142,93.6114,-3.2307,27.0016
61080.0,1760061080,3.8924,-0.8951,142,93.5983,-3.484,26.6457
61140.0,1760061140,3.902,-0.8819,142,93.6667,-3.4411,26.8328
61200.0,1760061200,3.9025,-0.8752,142,93.6361,-3.4156,26.8222
61260.0,1760061260,3.9136,-0.8695,142,93.626,-3.403,26.9542
61320.0,1760061320,3.8957,-0.9578,143,93.6252,-3.7314,26.9436
61380.0,1760061380,3.9096,-0.9692,143,93.6334,-3.7894,26.8495
61440.0,1760061440,3.9015,-0.9383,143,93.4072,-3.661,27.1879
61500.0,1760061500,3.9169,-0.9438,143,93.5383,-3.6969,26.839
61560.0,1760061560,3.9144,-0.9291,143,93.3847,-3.637,26.881
61620.0,1760061620,3.9045,-0.8663,143,93.5535,-3.3826,26.5753
61680.0,1760061680,3.9001,-0.9074,143,93.5418,-3.5389,26.7881
61740.0,1760061740,3.9084,-0.8897,144,93.6174,-3.4774,27.0244
61800.0,1760061800,3.9017,-0.9611,144,93.6202,-3.75,27.0469
61860.0,1760061860,3.9201,-0.9231,144,93.5329,-3.6186,27.0768
61920.0,1760061920,3.904,-0.8705,144,93.4681,-3.3984,27.0296
61980.0,1760061980,3.8997,-0.8697,144,93.5383,-3.3916,27.3409
62040.0,1760062040,3.8989,-0.935,144,93.4487,-3.6456,26.8308
62100.0,1760062100,3.8918,-0.8898,144,93.4822,-3.4629,26.625
62160.0,1760062160,3.91,-0.7868,145,93.5525,-3.0763,26.6611
62220.0,1760062220,3.8957,-0.8962,145,93.4204,-3.4913,26.8229
62280.0,1760062280,3.9156,-0.9283,145,93.5207,-3.6349,26.7993
62340.0,1760062340,3.8918,-0.9004,145,93.5018,-3.5042,26.9955
62400.0,1760062400,3.9055,-0.885,145,93.3625,-3.4562,27.2198
62460.0,1760062460,3.9166,-0.8947,145,93.5081,-3.5042,27.29
62520.0,1760062520,3.8836,-0.8861,145,93.4773,-3.441,27.0811
62580.0,1760062580,3.9251,-0.9537,146,93.4208,-3.7436,27.4677
62640.0,1760062640,3.9005,-0.9265,146,93.3429,-3.614,26.9515
62700.0,1760062700,3.9062,-0.8825,146,93.3264,-3.4471,26.6662
62760.0,1760062760,3.9107,-0.8796,146,93.3433,-3.4399,27.2063
62820.0,1760062820,3.9128,-0.8958,146,93.421,-3.5049,26.6461
62880.0,1760062880,3.9077,-0.8722,146,93.2923,-3.4082,26.8492
62940.0,1760062940,3.9156,-0.8559,146,93.395,-3.3513,27.0966
63000.0,1760063000,3.9102,-0.8098,147,93.2518,-3.1666,26.9406
63060.0,1760063060,3.9231,-0.8544,147,93.3261,-3.3519,26.964
63120.0,1760063120,3.9109,-0.8244,147,93.3424,-3.2241,26.7475
63180.0,1760063180,3.9264,-0.8661,147,93.5204,-3.4005,27.0203
63240.0,1760063240,3.9142,-0.8048,147,93.2059,-3.1502,27.1798
63300.0,1760063300,3.8884,-0.8088,147,93.425,-3.145,26.9918
63360.0,1760063360,3.932,-0.7783,147,93.3105,-3.0602,26.803
63420.0,1760063420,3.9003,-0.7796,148,93.3226,-3.0408,26.7263
63480.0,1760063480,3.9209,-0.7793,148,93.2905,-3.0558,26.8194
63540.0,1760063540,3.9064,-0.807,148,93.3078,-3.1524,27.0876
63600.0,1760063600,3.9165,-0.7829,148,93.2512,-3.0661,27.0644
63660.0,1760063660,3.8997,-0.7347,148,93.3711,-2.8653,26.8029
63720.0,1760063720,3.9121,-0.8131,148,93.2096,-3.181,26.5895
63780.0,1760063780,3.9039,-0.8043,148,93.328,-3.14,27.1145
63840.0,1760063840,3.9215,-0.756,149,93.1772,-2.9647,26.8182
63900.0,1760063900,3.9104,-0.7362,149,93.2153,-2.879,27.1258
63960.0,1760063960,3.9149,-0.79,149,93.1258,-3.0926,26.8858
64020.0,1760064020,3.8845,-0.744,149,93.2393,-2.8901,26.8088
64080.0,1760064080,3.9057,-0.7363,149,93.3099,-2.8757,27.0369
64140.0,1760064140,3.91,-0.8335,149,93.1796,-3.2588,27.5617
64200.0,1760064200,3.908,-0.7246,149,93.1615,-2.8317,27.1591
64260.0,1760064260,3.915,-0.7122,149,93.0796,-2.7882,27.0329
64320.0,1760064320,3.902,-0.7028,150,93.1419,-2.7425,27.0762
64380.0,1760064380,3.9056,-0.6143,150,93.0244,-2.3994,26.5898
64440.0,1760064440,3.9171,-0.7361,150,93.0704,-2.8832,26.8192
64500.0,1760064500,3.8829,-0.7064,150,93.1532,-2.743,26.5242
64560.0,1760064560,3.912,-0.7856,150,93.2322,-3.0731,27.4421
64620.0,1760064620,3.9033,-0.6686,150,93.3431,-2.6096,27.3145
64680.0,1760064680,3.8961,-0.6537,150,93.0632,-2.5468,27.0822
64740.0,1760064740,3.9093,-0.6486,151,93.2167,-2.5355,27.0332
64800.0,1760064800,3.9176,-0.5567,151,93.1132,-2.1811,26.6289
64860.0,1760064860,3.9155,-0.5579,151,93.0734,-2.1846,26.903
64920.0,1760064920,3.9039,-0.5858,151,93.112,-2.2868,27.3343
64980.0,1760064980,3.9137,-0.5967,151,93.0742,-2.3354,27.0176
65040.0,1760065040,3.9136,-0.5152,151,93.0701,-2.0164,26.8199
65100.0,1760065100,3.9037,-0.5557,151,93.0206,-2.1694,26.6204
65160.0,1760065160,3.8971,-0.5837,152,92.9334,-2.2748,27.2773
65220.0,1760065220,3.8975,-0.6165,152,92.9139,-2.4028,27.0203
65280.0,1760065280,3.913,-0.5405,152,93.0818,-2.1149,26.6291
65340.0,1760065340,3.9037,-0.4683,152,92.9996,-1.8281,26.7447
65400.0,1760065400,3.8934,-0.3797,152,92.9662,-1.4781,26.6101
65460.0,1760065460,3.8871,-0.4777,152,93.0069,-1.8569,26.9247
65520.0,1760065520,3.9124,-0.5062,152,93.0621,-1.9806,27.0224
65580.0,1760065580,3.8982,-0.5143,153,93.0054,-2.0048,26.8938
65640.0,1760065640,3.9065,-0.4143,153,92.9309,-1.6187,27.0771
65700.0,1760065700,3.9162,-0.517,153,93.074,-2.0246,27.0267
65760.0,1760065760,3.8907,-0.3879,153,93.0947,-1.5092,27.1273
65820.0,1760065820,3.9027,-0.3611,153,93.0005,-1.4093,26.8292
65880.0,1760065880,3.9015,-0.3666,153,93.0315,-1.4303,27.5213
65940.0,1760065940,3.9069,-0.3858,153,93.0457,-1.5071,26.822
66000.0,1760066000,3.9153,-0.3328,154,93.0295,-1.3028,26.7191
66060.0,1760066060,3.8892,-0.3386,154,92.981,-1.3168,26.7066
66120.0,1760066120,3.908,-0.3721,154,92.9727,-1.4541,26.9038
66180.0,1760066180,3.9123,-0.2266,154,92.9593,-0.8865,26.4931
66240.0,1760066240,3.8993,-0.3225,154,92.8229,-1.2577,26.9802
66300.0,1760066300,3.9003,-0.2519,154,92.9598,-0.9826,26.4912
66360.0,1760066360,3.9048,-0.3973,154,92.7884,-1.5515,27.0285
66420.0,1760066420,3.9041,-0.1982,155,92.8265,-0.7738,26.5741
66480.0,1760066480,3.9071,-0.1741,155,92.9876,-0.6803,26.7565
66540.0,1760066540,3.9064,-0.2315,155,92.9438,-0.9044,27.0072
66600.0,1760066600,3.891,-0.1905,155,92.9889,-0.7411,27.3219
66660.0,1760066660,3.9098,-0.1758,155,92.8416,-0.6874,26.6415
66720.0,1760066720,3.911,-0.2212,155,92.7647,-0.865,26.871
66780.0,1760066780,3.9013,-0.1469,155,92.8312,-0.5731,26.7047
66840.0,1760066840,3.8844,-0.1999,156,92.8522,-0.7763,26.7256
66900.0,1760066900,3.8979,-0.175,156,92.844,-0.6821,26.7445
66960.0,1760066960,3.9011,-0.0733,156,92.9221,-0.286,26.9788
67020.0,1760067020,3.8869,-0.066,156,92.7963,-0.2564,26.7184
67080.0,1760067080,3.8947,-0.135,156,92.8472,-0.526,27.3291
67140.0,1760067140,3.8834,-0.1214,156,92.7339,-0.4715,26.9595
67200.0,1760067200,3.9039,-0.102,156,92.843,-0.3981,26.6667
67260.0,1760067260,3.899,-0.018,156,92.8013,-0.0702,26.7362
67320.0,1760067320,3.8803,-0.0896,157,92.7352,-0.3476,26.7145
67380.0,1760067380,3.9002,-0.0067,157,92.7705,-0.026,26.9766
67440.0,1760067440,3.8958,0.0279,157,92.7689,0.1087,26.5139
67500.0,1760067500,3.9012,0.0012,157,92.7564,0.0049,26.5603
67560.0,1760067560,3.8926,0.0712,157,92.9141,0.2773,26.7743
67620.0,1760067620,3.8875,0.0206,157,92.7589,0.0801,26.9969
67680.0,1760067680,3.8874,0.0402,157,92.7418,0.1562,27.1308
67740.0,1760067740,3.8887,0.0171,158,92.5881,0.0664,27.1501
67800.0,1760067800,3.8944,0.1318,158,92.679,0.5134,27.08
67860.0,1760067860,3.8956,0.0577,158,92.7243,0.2246,26.9064
67920.0,1760067920,3.8917,0.1285,158,92.6852,0.4999,27.1469
67980.0,1760067980,3.8899,0.1224,158,92.8455,0.4759,26.7626
68040.0,1760068040,3.8897,0.0882,158,92.7166,0.3431,26.6036
68100.0,1760068100,3.9185,0.1253,158,92.8279,0.4908,27.0979
68160.0,1760068160,3.8849,0.2397,159,92.7248,0.9312,26.9095
68220.0,1760068220,3.8866,0.1954,159,92.7179,0.7595,27.0706
68280.0,1760068280,3.9247,0.1496,159,92.703,0.5872,27.0794
68340.0,1760068340,3.8957,0.23,159,92.7057,0.8961,27.178
68400.0,1760068400,3.878,0.2221,159,92.8382,0.8612,27.3181
68460.0,1760068460,3.8983,0.4166,159,92.5104,1.6241,27.4612
68520.0,1760068520,3.8805,0.2727,159,92.5313,1.0581,27.2272
68580.0,1760068580,3.8989,0.2538,160,92.6434,0.9895,27.0934
68640.0,1760068640,3.8875,0.3582,160,92.6836,1.3923,27.2955
68700.0,1760068700,3.8851,0.2094,160,92.7332,0.8134,27.0443
68760.0,1760068760,3.9052,0.3203,160,92.7115,1.2508,27.2217
68820.0,1760068820,3.894,0.4294,160,92.6387,1.672,27.8807
68880.0,1760068880,3.8982,0.3378,160,92.7467,1.317,27.329
68940.0,1760068940,3.8925,0.2709,160,92.7434,1.0544,27.3378
69000.0,1760069000,3.883,0.3515,161,92.6716,1.365,27.18
69060.0,1760069060,3.8934,0.4578,161,92.7299,1.7822,27.6189
69120.0,1760069120,3.8987,0.4174,161,92.6707,1.6274,27.5435
69180.0,1760069180,3.8872,0.3701,161,92.6,1.4388,27.516
69240.0,1760069240,3.904,0.3912,161,92.6969,1.5271,27.4313
69300.0,1760069300,3.8939,0.4107,161,92.6461,1.5991,27.6197
69360.0,1760069360,3.887,0.4698,161,92.6335,1.8262,27.7234
69420.0,1760069420,3.8876,0.5317,162,92.7475,2.0669,27.5842
69480.0,1760069480,3.8845,0.5302,162,92.4299,2.0596,27.5125
69540.0,1760069540,3.8706,0.5131,162,92.509,1.9861,27.7096
69600.0,1760069600,3.8819,0.4363,162,92.5238,1.6937,27.2975
69660.0,1760069660,3.8849,0.4489,162,92.5862,1.7441,27.3539
69720.0,1760069720,3.8781,0.5543,162,92.5914,2.1496,27.5802
69780.0,1760069780,3.8847,0.4725,162,92.4878,1.8355,27.1863
69840.0,1760069840,3.8813,0.5405,163,92.5262,2.0978,27.7636
69900.0,1760069900,3.8885,0.5788,163,92.5328,2.2507,27.4453
69960.0,1760069960,3.8883,0.5184,163,92.7949,2.0157,27.5044
70020.0,1760070020,3.8826,0.5356,163,92.7392,2.0795,27.579
70080.0,1760070080,3.8659,0.5935,163,92.5589,2.2943,27.685
70140.0,1760070140,3.8971,0.6345,163,92.5596,2.4728,27.6505
70200.0,1760070200,3.877,0.6734,163,92.4936,2.6109,27.7461
70260.0,1760070260,3.8769,0.6616,163,92.4298,2.5648,27.7475
70320.0,1760070320,3.8745,0.6456,164,92.57,2.5012,27.6665
70380.0,1760070380,3.8722,0.615,164,92.4965,2.3816,27.5861
70440.0,1760070440,3.8925,0.6091,164,92.5665,2.371,27.9616
70500.0,1760070500,3.8898,0.6472,164,92.4424,2.5176,27.3643
70560.0,1760070560,3.8803,0.7032,164,92.5065,2.7286,27.7982
70620.0,1760070620,3.8747,0.7093,164,92.5764,2.7482,27.7598
70680.0,1760070680,3.8816,0.597,164,92.591,2.3172,27.8569
70740.0,1760070740,3.8757,0.672,165,92.5922,2.6046,27.5518
70800.0,1760070800,3.8719,0.7807,165,92.4504,3.0227,27.839
70860.0,1760070860,3.8776,0.7333,165,92.6216,2.8436,27.8901
70920.0,1760070920,3.8687,0.6673,165,92.4865,2.5814,28.0812
70980.0,1760070980,3.8757,0.8644,165,92.5984,3.3503,28.1008
71040.0,1760071040,3.8745,0.7535,165,92.5442,2.9195,27.7185
71100.0,1760071100,3.8775,0.7823,165,92.4322,3.0333,27.8902
71160.0,1760071160,3.8652,0.7909,166,92.5144,3.0571,28.1814
71220.0,1760071220,3.8783,0.7603,166,92.5662,2.9485,27.749
71280.0,1760071280,3.8618,0.7497,166,92.5834,2.8952,27.9746
71340.0,1760071340,3.8643,0.8994,166,92.5204,3.4756,28.1178
71400.0,1760071400,3.865,0.8505,166,92.6517,3.2871,28.013
71460.0,1760071460,3.8588,0.8482,166,92.6071,3.2731,28.6371
71520.0,1760071520,3.8787,0.8425,166,92.5034,3.2678,28.0204
71580.0,1760071580,3.8588,0.7699,167,92.5814,2.9707,28.1445
71640.0,1760071640,3.8615,0.89,167,92.6735,3.4367,28.007
71700.0,1760071700,3.8806,0.7898,167,92.6731,3.065,28.1954
71760.0,1760071760,3.8606,0.8518,167,92.4154,3.2884,28.3232
71820.0,1760071820,3.864,0.7611,167,92.437,2.9407,27.9686
71880.0,1760071880,3.8563,0.7461,167,92.6274,2.8773,28.073
71940.0,1760071940,3.8732,0.869,167,92.4214,3.3659,28.0129
72000.0,1760072000,3.8728,0.8173,168,92.3977,3.1654,27.9315
72060.0,1760072060,3.8716,0.7628,168,92.4621,2.9532,28.3339
72120.0,1760072120,3.8694,0.8935,168,92.532,3.4572,28.13
72180.0,1760072180,3.8641,0.9764,168,92.4877,3.7729,27.8342
72240.0,1760072240,3.8574,0.9436,168,92.4413,3.6398,28.6535
72300.0,1760072300,3.854,0.8647,168,92.4368,3.3326,28.0868
72360.0,1760072360,3.8746,0.8812,168,92.4312,3.4145,28.2209
72420.0,1760072420,3.8688,0.9282,169,92.4152,3.5909,28.6457
72480.0,1760072480,3.855,0.9426,169,92.6655,3.6337,28.3106
72540.0,1760072540,3.861,0.8718,169,92.5042,3.3661,28.2595
72600.0,1760072600,3.8574,0.8929,169,92.5487,3.4443,28.0733
72660.0,1760072660,3.8481,0.9082,169,92.436,3.4949,28.014
72720.0,1760072720,3.8608,0.9226,169,92.4576,3.562,28.3291
72780.0,1760072780,3.8541,0.8897,169,92.4128,3.4292,28.4185
72840.0,1760072840,3.8475,0.8916,170,92.255,3.4305,28.4185
72900.0,1760072900,3.8423,0.9676,170,92.3542,3.7177,28.3318
72960.0,1760072960,3.8408,0.9598,170,92.3169,3.6863,28.4358
73020.0,1760073020,3.852,0.9236,170,92.279,3.5579,28.0453
73080.0,1760073080,3.8549,0.9859,170,92.3606,3.8007,28.5645
73140.0,1760073140,3.8475,0.8806,170,92.5595,3.3882,28.4304
73200.0,1760073200,3.8617,0.9808,170,92.4471,3.7876,28.883
73260.0,1760073260,3.8546,0.9262,170,92.5511,3.5703,28.456
73320.0,1760073320,3.8602,1.0619,171,92.4778,4.099,28.3845
73380.0,1760073380,3.8523,0.8376,171,92.5046,3.2268,28.3934
73440.0,1760073440,3.8451,0.8615,171,92.367,3.3125,28.3671
73500.0,1760073500,3.8542,0.9153,171,92.478,3.5279,28.5726
73560.0,1760073560,3.8401,0.9125,171,92.4914,3.5039,28.4987
73620.0,1760073620,3.8571,0.9881,171,92.384,3.811,28.3118
73680.0,1760073680,3.8423,0.8548,171,92.4718,3.2845,28.1401
73740.0,1760073740,3.8604,0.9309,172,92.4692,3.5938,28.5907
73800.0,1760073800,3.8469,0.941,172,92.3768,3.62,28.8328
73860.0,1760073860,3.8602,0.9151,172,92.3278,3.5323,28.5613
73920.0,1760073920,3.8379,0.8285,172,92.3196,3.1796,28.6488
73980.0,1760073980,3.8424,0.9434,172,92.418,3.6248,28.7907
74040.0,1760074040,3.8526,0.9307,172,92.4339,3.5855,28.6413
74100.0,1760074100,3.8596,0.8951,172,92.341,3.4549,28.4067
74160.0,1760074160,3.8644,0.8711,173,92.4032,3.3663,28.5994
74220.0,1760074220,3.8479,0.8677,173,92.4432,3.3387,28.8091
74280.0,1760074280,3.8655,0.8477,173,92.4435,3.2766,28.6677
74340.0,1760074340,3.8441,0.8786,173,92.5147,3.3776,28.7462
74400.0,1760074400,3.8574,0.8429,173,92.4891,3.2515,28.4855
74460.0,1760074460,3.8357,0.7935,173,92.3032,3.0435,28.508
74520.0,1760074520,3.8499,0.7777,173,92.5143,2.9943,28.5222
74580.0,1760074580,3.821,0.7866,174,92.3334,3.0057,28.5528
74640.0,1760074640,3.8334,0.8292,174,92.4557,3.1785,28.8408
74700.0,1760074700,3.8484,0.8103,174,92.3737,3.1184,28.1327
74760.0,1760074760,3.83,0.8158,174,92.3314,3.1245,28.6227
74820.0,1760074820,3.8464,0.8232,174,92.2158,3.1664,28.6167
74880.0,1760074880,3.8514,0.7597,174,92.3427,2.926,28.3176
74940.0,1760074940,3.8364,0.8571,174,92.2276,3.288,28.8141
75000.0,1760075000,3.8323,0.7629,175,92.4256,2.9235,28.4696
75060.0,1760075060,3.837,0.7468,175,92.4654,2.8657,28.5403
75120.0,1760075120,3.8307,0.7847,175,92.2761,3.0059,29.0218
75180.0,1760075180,3.8394,0.6606,175,92.3597,2.5362,28.7648
75240.0,1760075240,3.8406,0.7045,175,92.2731,2.7056,28.7229
75300.0,1760075300,3.8362,0.7845,175,92.2765,3.0093,28.7582
75360.0,1760075360,3.8561,0.6397,175,92.3842,2.4669,28.5434
75420.0,1760075420,3.8314,0.7735,176,92.3146,2.9636,29.0932
75480.0,1760075480,3.8529,0.784,176,92.4523,3.0205,28.8722
75540.0,1760075540,3.8272,0.6805,176,92.2699,2.6046,28.4892
75600.0,1760075600,3.8386,0.704,176,92.3837,2.7023,28.3879
75660.0,1760075660,3.8489,0.7356,176,92.3068,2.8311,28.8166
75720.0,1760075720,3.8483,0.6463,176,92.3578,2.4871,28.6306
75780.0,1760075780,3.8319,0.7028,176,92.2534,2.6932,28.4113
75840.0,1760075840,3.8414,0.6155,177,92.2803,2.3645,28.723
75900.0,1760075900,3.8397,0.6147,177,92.2699,2.3602,28.5928
75960.0,1760075960,3.8294,0.5879,177,92.2072,2.2512,28.7413
76020.0,1760076020,3.8412,0.6341,177,92.3219,2.4356,28.7705
76080.0,1760076080,3.8532,0.6638,177,92.3157,2.5577,28.5943
76140.0,1760076140,3.8389,0.5854,177,92.3058,2.2474,28.7899
76200.0,1760076200,3.8399,0.5197,177,92.3759,1.9955,28.5211
76260.0,1760076260,3.8406,0.5175,177,92.3635,1.9876,28.5424
76320.0,1760076320,3.8181,0.5797,178,92.2121,2.2132,28.5822
76380.0,1760076380,3.8373,0.6402,178,92.2663,2.4568,28.9733
76440.0,1760076440,3.8218,0.5557,178,92.181,2.1237,28.6334
76500.0,1760076500,3.8259,0.5045,178,92.227,1.93,28.933
76560.0,1760076560,3.8529,0.5498,178,92.1714,2.1182,29.0614
76620.0,1760076620,3.8293,0.487,178,92.3432,1.8649,28.5167
76680.0,1760076680,3.8235,0.4674,178,92.2368,1.7873,28.0746
76740.0,1760076740,3.8419,0.4257,179,92.1843,1.6354,28.8442
76800.0,1760076800,3.8211,0.5311,179,92.2912,2.0295,28.6612
76860.0,1760076860,3.8245,0.3207,179,92.0159,1.2266,28.398
76920.0,1760076920,3.8412,0.4744,179,92.0223,1.8224,28.5864
76980.0,1760076980,3.8299,0.3981,179,92.2409,1.5246,28.57
77040.0,1760077040,3.8133,0.3874,179,92.1758,1.4771,28.9137
77100.0,1760077100,3.8341,0.479,179,92.1846,1.8365,28.7695
77160.0,1760077160,3.8237,0.3451,180,92.052,1.3194,28.8969
77220.0,1760077220,3.8433,0.333,180,92.1498,1.28,28.7393
77280.0,1760077280,3.8224,0.3467,180,92.3054,1.3252,28.5994
77340.0,1760077340,3.8382,0.36,180,92.2044,1.3817,28.6037
77400.0,1760077400,3.8449,0.3032,180,92.1454,1.1657,28.7585
77460.0,1760077460,3.8181,0.2325,180,92.09,0.8876,28.7636
77520.0,1760077520,3.8244,0.2537,180,92.0867,0.9702,28.8256
77580.0,1760077580,3.8292,0.3468,181,91.9411,1.3278,28.6583
77640.0,1760077640,3.8175,0.2721,181,92.1251,1.0386,28.6957
77700.0,1760077700,3.8287,0.2764,181,92.1652,1.0584,28.7907
77760.0,1760077760,3.8225,0.2263,181,91.9644,0.8651,28.5668
77820.0,1760077820,3.8224,0.1918,181,92.0305,0.7333,28.3988
77880.0,1760077880,3.8249,0.294,181,91.9836,1.1247,28.5561
77940.0,1760077940,3.825,0.1861,181,91.9918,0.7117,28.5925
78000.0,1760078000,3.8261,0.1586,182,92.066,0.6066,28.7609
78060.0,1760078060,3.8173,0.2207,182,91.8877,0.8426,28.9397
78120.0,1760078120,3.8186,0.115,182,92.0962,0.439,28.3418
78180.0,1760078180,3.8228,0.1064,182,92.0999,0.4069,28.4964
78240.0,1760078240,3.8229,0.1218,182,92.012,0.4655,28.5663
78300.0,1760078300,3.8179,0.1063,182,91.8261,0.4058,28.7941
78360.0,1760078360,3.8259,0.1043,182,91.9372,0.3989,28.5376
78420.0,1760078420,3.8052,0.1809,183,92.1079,0.6882,28.6282
78480.0,1760078480,3.8142,0.078,183,91.7793,0.2977,28.3591
78540.0,1760078540,3.8195,-0.0727,183,91.966,-0.2778,28.7435
78600.0,1760078600,3.8132,0.0474,183,91.8916,0.1808,28.6039
78660.0,1760078660,3.8386,0.0179,183,92.0425,0.0688,28.4914
78720.0,1760078720,3.8217,0.0031,183,91.9162,0.0119,28.568
78780.0,1760078780,3.8236,-0.0018,183,91.9946,-0.0071,28.8539
78840.0,1760078840,3.8169,-0.0307,184,91.9995,-0.117,28.4601
78900.0,1760078900,3.8219,-0.0469,184,92.0931,-0.1793,28.5153
78960.0,1760078960,3.8089,-0.0287,184,91.9219,-0.1093,28.929
79020.0,1760079020,3.8194,-0.1015,184,91.9601,-0.3877,28.7614
79080.0,1760079080,3.8108,-0.1368,184,91.803,-0.5213,28.9179
79140.0,1760079140,3.8183,0.0468,184,92.0088,0.1786,28.8018
79200.0,1760079200,3.7946,-0.1552,184,91.8445,-0.5888,28.8105
79260.0,1760079260,3.8089,-0.1293,185,91.8522,-0.4925,28.7366
79320.0,1760079320,3.8349,-0.224,185,91.887,-0.859,29.0578
79380.0,1760079380,3.8278,-0.1582,185,91.7553,-0.6057,29.0807
79440.0,1760079440,3.8332,-0.2255,185,91.8903,-0.8645,29.1283
79500.0,1760079500,3.8341,-0.2158,185,91.9409,-0.8272,28.6759
79560.0,1760079560,3.8266,-0.1561,185,91.8785,-0.5973,29.1356
79620.0,1760079620,3.8145,-0.1994,185,91.7195,-0.7605,28.8469
79680.0,1760079680,3.8091,-0.2091,185,91.8281,-0.7966,28.7846
79740.0,1760079740,3.8312,-0.3406,186,91.8889,-1.305,29.0162
79800.0,1760079800,3.8192,-0.1747,186,91.6707,-0.6671,29.0928
79860.0,1760079860,3.8437,-0.3405,186,91.7263,-1.3087,29.1766
79920.0,1760079920,3.8158,-0.2188,186,91.8738,-0.8347,28.9292
79980.0,1760079980,3.8389,-0.2583,186,91.8166,-0.9916,29.1887
80040.0,1760080040,3.8176,-0.2946,186,91.8193,-1.1248,29.0874
80100.0,1760080100,3.833,-0.3803,186,91.9264,-1.4577,29.0225
80160.0,1760080160,3.836,-0.3439,187,91.8064,-1.3192,28.9755
80220.0,1760080220,3.8088,-0.3889,187,91.8128,-1.4811,29.2442
80280.0,1760080280,3.815,-0.3776,187,91.9683,-1.4405,29.1457
80340.0,1760080340,3.8083,-0.4052,187,91.7255,-1.543,28.9183
80400.0,1760080400,3.8061,-0.5081,187,91.67,-1.934,29.4542
80460.0,1760080460,3.8255,-0.3635,187,91.7593,-1.3906,29.082
80520.0,1760080520,3.8168,-0.4369,187,91.7513,-1.6677,29.5643
80580.0,1760080580,3.8189,-0.4703,188,91.6652,-1.796,29.0009
80640.0,1760080640,3.8237,-0.4871,188,91.616,-1.8625,29.2678
80700.0,1760080700,3.8009,-0.4541,188,91.8745,-1.7259,29.1464
80760.0,1760080760,3.8315,-0.5295,188,91.707,-2.0287,29.1606
80820.0,1760080820,3.8148,-0.6102,188,91.6134,-2.3277,29.3317
80880.0,1760080880,3.8242,-0.4896,188,91.7364,-1.8722,29.6956
80940.0,1760080940,3.8247,-0.4963,188,91.6456,-1.8983,29.3844
81000.0,1760081000,3.8322,-0.5445,189,91.6252,-2.0865,29.2447
81060.0,1760081060,3.8178,-0.6039,189,91.6815,-2.3057,29.0937
81120.0,1760081120,3.7969,-0.554,189,91.5244,-2.1035,29.084
81180.0,1760081180,3.8194,-0.6434,189,91.6471,-2.4575,29.4012
81240.0,1760081240,3.8215,-0.6332,189,91.763,-2.4196,29.3823
81300.0,1760081300,3.8086,-0.6308,189,91.6384,-2.4023,29.471
81360.0,1760081360,3.8201,-0.5623,189,91.5622,-2.148,29.0152
81420.0,1760081420,3.815,-0.6337,190,91.5429,-2.4176,29.5171
81480.0,1760081480,3.8053,-0.6489,190,91.5418,-2.4692,29.7617
81540.0,1760081540,3.8256,-0.5395,190,91.5455,-2.0639,29.8018
81600.0,1760081600,3.8132,-0.6302,190,91.5268,-2.403,29.1795
81660.0,1760081660,3.8154,-0.6412,190,91.6216,-2.4465,29.4155
81720.0,1760081720,3.8138,-0.6869,190,91.4009,-2.6196,29.4499
81780.0,1760081780,3.8319,-0.7082,190,91.5997,-2.7138,29.6754
81840.0,1760081840,3.8188,-0.7975,191,91.4917,-3.0455,29.4823
81900.0,1760081900,3.8204,-0.6494,191,91.5435,-2.4809,29.9526
81960.0,1760081960,3.8147,-0.6848,191,91.4145,-2.6124,29.6616
82020.0,1760082020,3.8248,-0.7254,191,91.6022,-2.7746,29.6691
82080.0,1760082080,3.8337,-0.7324,191,91.587,-2.8077,30.0262
82140.0,1760082140,3.8267,-0.6975,191,91.5555,-2.6692,29.6848
82200.0,1760082200,3.8263,-0.8207,191,91.3489,-3.1401,29.8749
82260.0,1760082260,3.8265,-0.7808,192,91.5279,-2.9879,29.6211
82320.0,1760082320,3.8066,-0.8164,192,91.4854,-3.1076,29.5338
82380.0,1760082380,3.811,-0.679,192,91.3161,-2.5875,29.5841
82440.0,1760082440,3.8185,-0.7315,192,91.4341,-2.7933,30.1938
82500.0,1760082500,3.8136,-0.893,192,91.4567,-3.4055,30.0203
82560.0,1760082560,3.8104,-0.8659,192,91.4636,-3.2993,29.935
82620.0,1760082620,3.8023,-0.8039,192,91.4249,-3.0568,29.6433
82680.0,1760082680,3.8078,-0.8278,192,91.4257,-3.1521,30.048
82740.0,1760082740,3.8194,-0.8771,193,91.512,-3.3498,29.6417
82800.0,1760082800,3.8213,-0.72,193,91.4839,-2.7515,29.4821
82860.0,1760082860,3.8126,-0.8078,193,91.1482,-3.08,29.762
82920.0,1760082920,3.8225,-0.8057,193,91.344,-3.0798,30.2709
82980.0,1760082980,3.8177,-0.8698,193,91.3481,-3.3205,30.3187
83040.0,1760083040,3.8325,-0.8046,193,91.213,-3.0835,29.8046
83100.0,1760083100,3.8209,-0.865,193,91.3526,-3.305,29.8161
83160.0,1760083160,3.8301,-0.8652,194,91.437,-3.3136,29.6308
83220.0,1760083220,3.8245,-0.8252,194,91.2422,-3.156,29.9503
83280.0,1760083280,3.8092,-0.9418,194,91.3481,-3.5874,30.0681
83340.0,1760083340,3.822,-0.7848,194,91.24,-2.9995,30.0757
83400.0,1760083400,3.8109,-0.8596,194,91.2517,-3.2758,30.1675
83460.0,1760083460,3.8233,-0.8085,194,91.4159,-3.091,29.9126
83520.0,1760083520,3.8163,-0.9299,194,91.2465,-3.5487,30.168
83580.0,1760083580,3.8282,-0.9256,195,91.3192,-3.5433,29.9208
83640.0,1760083640,3.8103,-0.9406,195,91.1249,-3.584,30.1879
83700.0,1760083700,3.8256,-0.8728,195,91.416,-3.3391,29.9323
83760.0,1760083760,3.8309,-0.8846,195,91.3077,-3.389,30.1426
83820.0,1760083820,3.8342,-0.9135,195,91.2375,-3.5025,30.1569
83880.0,1760083880,3.8181,-0.9431,195,91.2907,-3.6007,30.126
83940.0,1760083940,3.8254,-0.9575,195,91.1245,-3.6629,30.2901
84000.0,1760084000,3.8283,-0.8982,196,91.3246,-3.4386,29.777
84060.0,1760084060,3.8416,-0.9204,196,91.1968,-3.5358,29.9031
84120.0,1760084120,3.8117,-0.9325,196,91.1992,-3.5543,30.079
84180.0,1760084180,3.8175,-0.8217,196,91.1691,-3.1368,29.763
84240.0,1760084240,3.8549,-0.9037,196,91.1549,-3.4838,30.0431
84300.0,1760084300,3.825,-0.8364,196,91.2499,-3.1993,30.0029
84360.0,1760084360,3.8089,-0.9267,196,91.2079,-3.5296,30.419
84420.0,1760084420,3.8225,-0.8876,197,91.2326,-3.3927,30.1614
84480.0,1760084480,3.8006,-0.9022,197,91.173,-3.4288,30.3575
84540.0,1760084540,3.8313,-0.9836,197,91.208,-3.7683,30.2841
84600.0,1760084600,3.8369,-0.8263,197,91.1267,-3.1705,29.9978
84660.0,1760084660,3.821,-0.9033,197,91.3319,-3.4516,30.2002
84720.0,1760084720,3.8243,-0.8578,197,91.0216,-3.2804,30.2899
84780.0,1760084780,3.8397,-0.931,197,91.2413,-3.5748,30.4481
84840.0,1760084840,3.8133,-0.8997,198,91.2435,-3.4309,30.1647
84900.0,1760084900,3.817,-0.9326,198,91.0595,-3.5598,29.8948
84960.0,1760084960,3.8295,-0.825,198,91.2997,-3.1595,29.8014
85020.0,1760085020,3.8241,-0.8686,198,91.1947,-3.3215,30.1213
85080.0,1760085080,3.829,-0.8628,198,91.1865,-3.3038,29.7211
85140.0,1760085140,3.8193,-0.8101,198,91.105,-3.094,30.5121
85200.0,1760085200,3.8343,-0.8167,198,91.0793,-3.1317,30.2844
85260.0,1760085260,3.8311,-0.8326,199,91.0739,-3.1898,30.0571
85320.0,1760085320,3.8386,-0.938,199,91.116,-3.6008,30.0532
85380.0,1760085380,3.8359,-0.8976,199,91.191,-3.443,30.4549
85440.0,1760085440,3.8359,-0.9086,199,91.0876,-3.4851,30.0418
85500.0,1760085500,3.8193,-0.8173,199,90.9944,-3.1216,29.9943
85560.0,1760085560,3.8397,-0.8403,199,91.1276,-3.2264,30.0695
85620.0,1760085620,3.8319,-0.9132,199,91.1297,-3.4993,30.3102
85680.0,1760085680,3.8338,-0.8477,199,91.1029,-3.2501,30.3654
85740.0,1760085740,3.8464,-0.9074,200,91.1047,-3.4902,30.5338
85800.0,1760085800,3.8287,-0.8295,200,91.018,-3.176,30.4481
85860.0,1760085860,3.8495,-0.9036,200,90.96,-3.4783,30.3047
85920.0,1760085920,3.8508,-0.788,200,90.9596,-3.0347,30.4224
85980.0,1760085980,3.844,-0.7891,200,90.893,-3.0332,30.091
86040.0,1760086040,3.8278,-0.7058,200,91.0376,-2.7017,29.8005
86100.0,1760086100,3.816,-0.7518,200,91.0069,-2.869,30.0732
86160.0,1760086160,3.8489,-0.8082,201,90.9733,-3.1105,30.0972
86220.0,1760086220,3.8387,-0.7387,201,90.7671,-2.8355,30.0825
86280.0,1760086280,3.8312,-0.8418,201,90.8989,-3.2252,30.1054
86340.0,1760086340,3.8517,-0.8122,201,91.0835,-3.1284,30.1872
86400.0,1760086400,3.8311,-0.7393,201,90.9359,-2.8324,30.3509
86460.0,1760086460,3.8363,-0.8556,201,91.0132,-3.2824,30.6688
86520.0,1760086520,3.8455,-0.7411,201,90.8685,-2.8497,29.8947
86580.0,1760086580,3.8306,-0.7815,202,91.0903,-2.9937,30.0203
86640.0,1760086640,3.8405,-0.7165,202,90.9591,-2.7517,30.0732
86700.0,1760086700,3.8531,-0.7663,202,90.9894,-2.9528,30.4301
86760.0,1760086760,3.8455,-0.6819,202,91.1478,-2.6224,30.174
86820.0,1760086820,3.856,-0.6927,202,91.0787,-2.6709,30.0843
86880.0,1760086880,3.8545,-0.6139,202,90.9286,-2.3663,30.3149
86940.0,1760086940,3.8436,-0.6737,202,90.9015,-2.5894,30.4161
87000.0,1760087000,3.8207,-0.7024,203,90.9187,-2.6835,30.2494
87060.0,1760087060,3.8338,-0.666,203,90.9814,-2.5533,30.0662
87120.0,1760087120,3.8526,-0.7104,203,90.9282,-2.7369,30.3243
87180.0,1760087180,3.8298,-0.6122,203,90.901,-2.3448,30.1503
87240.0,1760087240,3.8432,-0.5922,203,91.046,-2.2761,30.138
87300.0,1760087300,3.8497,-0.4873,203,90.9156,-1.8759,30.0049
87360.0,1760087360,3.8624,-0.6307,203,91.1049,-2.4359,30.4122
87420.0,1760087420,3.8415,-0.6016,204,90.9244,-2.3112,30.2591
87480.0,1760087480,3.842,-0.6055,204,91.0562,-2.3264,30.4244
87540.0,1760087540,3.8478,-0.5545,204,90.9383,-2.1335,30.4487
87600.0,1760087600,3.8525,-0.5342,204,90.9831,-2.0579,30.2619
87660.0,1760087660,3.8472,-0.544,204,90.8445,-2.0927,30.0816
87720.0,1760087720,3.8596,-0.4748,204,90.8306,-1.8327,30.3405
87780.0,1760087780,3.8421,-0.5477,204,90.9322,-2.1045,30.2887
87840.0,1760087840,3.852,-0.4552,205,90.971,-1.7532,30.647
87900.0,1760087900,3.8553,-0.465,205,90.8918,-1.7926,30.2009
87960.0,1760087960,3.8468,-0.4798,205,90.7823,-1.8457,30.295
88020.0,1760088020,3.8596,-0.4821,205,90.773,-1.8607,30.22
88080.0,1760088080,3.8531,-0.3321,205,90.7644,-1.2795,30.0267
88140.0,1760088140,3.8598,-0.4812,205,90.7339,-1.8572,30.1185
88200.0,1760088200,3.8551,-0.4122,205,90.8809,-1.589,30.1785
88260.0,1760088260,3.8578,-0.4513,206,90.959,-1.7408,30.2596
88320.0,1760088320,3.8477,-0.311,206,90.8648,-1.1967,30.2785
88380.0,1760088380,3.8472,-0.3424,206,90.6819,-1.3172,30.1388
88440.0,1760088440,3.8671,-0.407,206,90.8444,-1.5738,30.0405
88500.0,1760088500,3.8616,-0.3336,206,90.8437,-1.2884,30.0133
88560.0,1760088560,3.8464,-0.3325,206,91.0214,-1.279,29.8174
88620.0,1760088620,3.8575,-0.3572,206,90.7342,-1.3781,30.4382
88680.0,1760088680,3.8328,-0.2794,206,90.8165,-1.071,29.9396
88740.0,1760088740,3.8521,-0.2837,207,90.9814,-1.0929,30.2489
88800.0,1760088800,3.8674,-0.2782,207,90.878,-1.0757,30.1103
88860.0,1760088860,3.857,-0.2767,207,90.8842,-1.0673,30.1186
88920.0,1760088920,3.8598,-0.2387,207,90.8455,-0.9212,30.0079
88980.0,1760088980,3.8289,-0.2343,207,90.8599,-0.897,29.8742
89040.0,1760089040,3.8558,-0.2282,207,90.893,-0.88,29.8371
89100.0,1760089100,3.8629,-0.2486,207,90.7633,-0.9604,30.3966
89160.0,1760089160,3.8653,-0.1172,208,90.8955,-0.4531,29.9724
89220.0,1760089220,3.8699,-0.2397,208,90.7127,-0.9276,30.2764
89280.0,1760089280,3.8593,-0.151,208,90.8461,-0.5828,30.261
89340.0,1760089340,3.8601,-0.1736,208,90.8315,-0.6701,29.9235
89400.0,1760089400,3.8486,-0.0547,208,90.7652,-0.2106,29.9989
89460.0,1760089460,3.8605,-0.173,208,90.81,-0.6677,30.0213
89520.0,1760089520,3.8502,-0.1496,208,90.7594,-0.576,29.7657
89580.0,1760089580,3.8446,-0.1463,209,90.7208,-0.5626,29.9609
89640.0,1760089640,3.8529,-0.0667,209,90.7756,-0.2569,30.0551
89700.0,1760089700,3.879,-0.1365,209,90.713,-0.5294,29.897
89760.0,1760089760,3.8622,-0.0767,209,90.8245,-0.2962,29.8873
89820.0,1760089820,3.867,-0.1453,209,90.7041,-0.5619,29.9758
89880.0,1760089880,3.8608,-0.0106,209,90.8504,-0.0409,30.3282
89940.0,1760089940,3.8477,-0.0326,209,90.6963,-0.1253,29.5598
90000.0,1760090000,3.8757,-0.0669,210,90.7429,-0.2591,30.0575
90060.0,1760090060,3.845,0.0769,210,90.7357,0.2957,29.9176
90120.0,1760090120,3.8624,-0.0277,210,90.889,-0.1069,29.8037
90180.0,1760090180,3.8674,0.0926,210,90.8068,0.3582,29.9312
90240.0,1760090240,3.8705,0.0328,210,90.7608,0.1268,30.0753
90300.0,1760090300,3.8616,0.1629,210,90.8151,0.6292,30.1937
90360.0,1760090360,3.8499,0.1353,210,90.604,0.521,30.0668
90420.0,1760090420,3.8615,0.0624,211,90.7664,0.2411,30.1926
90480.0,1760090480,3.8632,0.0819,211,90.927,0.3165,30.2461
90540.0,1760090540,3.8627,0.173,211,90.7752,0.6681,30.2311
90600.0,1760090600,3.8805,0.1445,211,90.7673,0.5606,29.9384
90660.0,1760090660,3.8592,0.1639,211,90.8031,0.6327,30.1647
90720.0,1760090720,3.8749,0.2508,211,90.8281,0.9718,30.2377
90780.0,1760090780,3.8728,0.1645,211,90.594,0.637,29.9081
90840.0,1760090840,3.8813,0.2211,212,90.6164,0.8583,29.8051
90900.0,1760090900,3.8715,0.2789,212,90.7651,1.0799,29.763
90960.0,1760090960,3.8808,0.2862,212,90.6883,1.1107,30.1897
91020.0,1760091020,3.8724,0.2522,212,90.8476,0.9767,30.2105
91080.0,1760091080,3.8782,0.2602,212,90.7146,1.009,29.9231
91140.0,1760091140,3.8585,0.202,212,90.5822,0.7794,30.3243
91200.0,1760091200,3.8478,0.2504,212,90.6327,0.9634,30.1864
91260.0,1760091260,3.8778,0.3333,213,90.5112,1.2923,30.4942
91320.0,1760091320,3.8797,0.3245,213,90.7095,1.2591,30.2935
91380.0,1760091380,3.8806,0.3491,213,90.7102,1.3549,30.0278
91440.0,1760091440,3.8708,0.4112,213,90.6883,1.5918,30.3843
91500.0,1760091500,3.8919,0.3137,213,90.8056,1.2209,30.3505
91560.0,1760091560,3.8729,0.3749,213,90.8121,1.452,30.1578
91620.0,1760091620,3.8815,0.4097,213,90.6995,1.5904,30.0085
91680.0,1760091680,3.8828,0.3785,213,90.5392,1.4698,30.2938
91740.0,1760091740,3.8955,0.4987,214,90.7562,1.9425,30.1713
91800.0,1760091800,3.8755,0.4857,214,90.748,1.8824,30.587
91860.0,1760091860,3.8724,0.4679,214,90.7251,1.8119,30.2687
91920.0,1760091920,3.8645,0.5561,214,90.7755,2.149,30.7671
91980.0,1760091980,3.8945,0.4043,214,90.6005,1.5744,29.8774
92040.0,1760092040,3.8848,0.4915,214,90.851,1.9094,30.4004
92100.0,1760092100,3.8843,0.5228,214,90.6101,2.0306,30.6857
92160.0,1760092160,3.9119,0.4712,215,90.7434,1.8431,30.1818
92220.0,1760092220,3.8834,0.5442,215,90.5449,2.1133,30.3878
92280.0,1760092280,3.8677,0.486,215,90.6019,1.8795,30.2936
92340.0,1760092340,3.8801,0.5878,215,90.7941,2.2807,30.3201
92400.0,1760092400,3.8719,0.618,215,90.6482,2.3927,30.5311
92460.0,1760092460,3.8784,0.5904,215,90.7326,2.2897,30.2021
92520.0,1760092520,3.8784,0.4956,215,90.6806,1.9221,30.3642
92580.0,1760092580,3.8767,0.5512,216,90.6494,2.137,30.5351
92640.0,1760092640,3.8696,0.639,216,90.7631,2.4726,30.46
92700.0,1760092700,3.8991,0.6228,216,90.6311,2.4283,30.2909
92760.0,1760092760,3.8858,0.4979,216,90.5036,1.9346,30.5979
92820.0,1760092820,3.8812,0.7053,216,90.5778,2.7376,30.7046
92880.0,1760092880,3.8919,0.6605,216,90.6821,2.5705,30.3152
92940.0,1760092940,3.8892,0.623,216,90.6655,2.4229,30.2353
93000.0,1760093000,3.8868,0.7238,217,90.5043,2.8131,30.385
93060.0,1760093060,3.8915,0.65,217,90.5675,2.5296,30.626
93120.0,1760093120,3.8863,0.6592,217,90.5746,2.5619,30.58
93180.0,1760093180,3.892,0.7211,217,90.5875,2.8064,30.7328
93240.0,1760093240,3.8927,0.8015,217,90.5023,3.12,30.5744
93300.0,1760093300,3.8873,0.8028,217,90.5576,3.1206,30.456
93360.0,1760093360,3.8837,0.7485,217,90.545,2.9068,30.7816
93420.0,1760093420,3.902,0.7623,218,90.6604,2.9746,30.4985
93480.0,1760093480,3.8822,0.7873,218,90.6588,3.0563,30.6667
93540.0,1760093540,3.8907,0.6931,218,90.5776,2.6968,30.2443
93600.0,1760093600,3.8911,0.7963,218,90.5532,3.0984,30.523
93660.0,1760093660,3.8813,0.7352,218,90.5909,2.8536,30.79
93720.0,1760093720,3.8791,0.7955,218,90.5094,3.0859,30.4931
93780.0,1760093780,3.8837,0.7756,218,90.478,3.0124,30.7834
93840.0,1760093840,3.8826,0.8193,219,90.4895,3.1809,30.1891
93900.0,1760093900,3.8733,0.8071,219,90.5088,3.1261,30.5336
93960.0,1760093960,3.8813,0.6543,219,90.4614,2.5396,30.4888
94020.0,1760094020,3.8912,0.8234,219,90.5622,3.2042,31.0066
94080.0,1760094080,3.9016,0.8529,219,90.6023,3.3277,30.4476
94140.0,1760094140,3.8938,0.8492,219,90.4116,3.3064,30.8123
94200.0,1760094200,3.863,0.8276,219,90.5351,3.197,30.8718
94260.0,1760094260,3.8955,0.9204,220,90.51,3.5855,30.59
94320.0,1760094320,3.8839,0.8592,220,90.5493,3.3373,30.6102
94380.0,1760094380,3.894,0.8707,220,90.5154,3.3905,30.7218
94440.0,1760094440,3.8889,0.9059,220,90.3944,3.5231,30.4248
94500.0,1760094500,3.8874,0.8765,220,90.4039,3.4073,30.6059
94560.0,1760094560,3.8889,0.8179,220,90.5014,3.1807,30.9046
94620.0,1760094620,3.8903,0.745,220,90.5755,2.8984,30.6949
94680.0,1760094680,3.9028,0.847,220,90.3101,3.3057,30.6398
94740.0,1760094740,3.8903,0.9126,221,90.5089,3.5503,30.7454
94800.0,1760094800,3.9018,0.8603,221,90.5703,3.3569,30.7963
94860.0,1760094860,3.8999,0.9213,221,90.4567,3.5928,30.8823
94920.0,1760094920,3.8975,0.8916,221,90.5067,3.4749,30.5918
94980.0,1760094980,3.8726,0.9512,221,90.4002,3.6838,31.0568
95040.0,1760095040,3.902,0.8745,221,90.4405,3.4123,30.9506
95100.0,1760095100,3.8857,0.9149,221,90.314,3.5549,30.854
95160.0,1760095160,3.8972,0.9187,222,90.2496,3.5805,30.5518
95220.0,1760095220,3.8818,0.9702,222,90.506,3.7661,30.5563
95280.0,1760095280,3.8789,0.8112,222,90.3452,3.1467,30.5666
95340.0,1760095340,3.9108,0.8748,222,90.3809,3.4213,30.6936
95400.0,1760095400,3.8812,0.9411,222,90.2997,3.6526,30.3794
95460.0,1760095460,3.9022,0.9767,222,90.291,3.8112,30.859
95520.0,1760095520,3.8925,0.9118,222,90.383,3.5493,30.9642
95580.0,1760095580,3.8869,0.8854,223,90.3316,3.4413,30.7993
95640.0,1760095640,3.8912,0.9378,223,90.4133,3.6491,30.5891
95700.0,1760095700,3.8787,0.943,223,90.4122,3.6577,30.568
95760.0,1760095760,3.8915,0.881,223,90.3945,3.4286,30.7356
95820.0,1760095820,3.8808,0.9147,223,90.3808,3.5498,30.6702
95880.0,1760095880,3.8882,0.9561,223,90.4807,3.7177,30.8208
95940.0,1760095940,3.9004,0.9903,223,90.2618,3.8626,30.878
96000.0,1760096000,3.8941,0.9313,224,90.3355,3.6267,30.927
96060.0,1760096060,3.8772,0.8946,224,90.4231,3.4684,30.4509
96120.0,1760096120,3.9006,0.8876,224,90.4262,3.462,30.714
96180.0,1760096180,3.8909,0.9158,224,90.2038,3.5633,30.6176
96240.0,1760096240,3.886,0.8796,224,90.2849,3.418,30.6394
96300.0,1760096300,3.8995,0.892,224,90.411,3.4783,30.8399
96360.0,1760096360,3.89,0.8265,224,90.3353,3.2152,30.8071
96420.0,1760096420,3.8799,0.941,225,90.3025,3.6508,30.9814
96480.0,1760096480,3.9098,0.8155,225,90.2617,3.1885,30.6842
96540.0,1760096540,3.891,0.8471,225,90.2406,3.2961,30.6
96600.0,1760096600,3.8906,0.8695,225,90.2865,3.3829,30.587
96660.0,1760096660,3.8871,0.9599,225,90.2353,3.7311,30.3605
96720.0,1760096720,3.9029,0.8346,225,90.2441,3.2576,30.8727
96780.0,1760096780,3.8859,0.8177,225,90.2458,3.1774,30.5243
96840.0,1760096840,3.8753,0.8184,226,90.1772,3.1716,30.6879
96900.0,1760096900,3.8843,0.9236,226,90.2659,3.5877,30.8041
96960.0,1760096960,3.9053,0.6946,226,90.4483,2.7125,30.2333
97020.0,1760097020,3.8983,0.7793,226,90.0649,3.038,30.3627
97080.0,1760097080,3.8882,0.96,226,90.2247,3.7328,30.9986
97140.0,1760097140,3.904,0.8468,226,90.1297,3.3059,30.6539
97200.0,1760097200,3.8981,0.7555,226,90.2284,2.9452,30.4038
97260.0,1760097260,3.8877,0.8021,227,90.1776,3.1182,30.529
97320.0,1760097320,3.8888,0.8007,227,90.2264,3.1137,30.7674
97380.0,1760097380,3.8938,0.8325,227,90.2511,3.2416,30.7595
97440.0,1760097440,3.8817,0.8748,227,90.164,3.3958,30.3102
97500.0,1760097500,3.8903,0.7947,227,90.2306,3.0917,30.8631
97560.0,1760097560,3.8918,0.7405,227,89.944,2.882,30.6829
97620.0,1760097620,3.8732,0.7989,227,90.2502,3.0944,30.5027
97680.0,1760097680,3.8876,0.7164,227,90.1444,2.7852,30.2256
97740.0,1760097740,3.8866,0.6913,228,90.192,2.6867,30.6513
97800.0,1760097800,3.8988,0.6463,228,89.9995,2.5199,30.4965
97860.0,1760097860,3.87,0.6472,228,90.022,2.5049,30.107
97920.0,1760097920,3.8849,0.6717,228,90.0914,2.6093,30.3682
97980.0,1760097980,3.8836,0.6484,228,90.0697,2.518,31.0177
98040.0,1760098040,3.898,0.7135,228,90.0849,2.7811,30.4444
98100.0,1760098100,3.8881,0.6282,228,90.1403,2.4426,30.2209
98160.0,1760098160,3.9051,0.5212,229,89.9035,2.0353,30.0783
98220.0,1760098220,3.8947,0.6162,229,90.1138,2.3998,30.7067
98280.0,1760098280,3.8834,0.6346,229,90.0278,2.4643,30.5329
98340.0,1760098340,3.8896,0.6175,229,90.002,2.4019,30.6274
98400.0,1760098400,3.8829,0.7132,229,89.8917,2.7693,30.4683
98460.0,1760098460,3.8956,0.5958,229,90.0408,2.321,30.5716
98520.0,1760098520,3.8723,0.6596,229,89.7986,2.5542,30.1983
98580.0,1760098580,3.8783,0.6035,230,90.0347,2.3407,30.3517
98640.0,1760098640,3.89,0.5911,230,89.8546,2.2994,30.3626
98700.0,1760098700,3.8981,0.54,230,89.9693,2.1051,30.5368
98760.0,1760098760,3.8635,0.5673,230,89.9466,2.1916,30.3417
98820.0,1760098820,3.8995,0.5202,230,90.0408,2.0285,30.1111
98880.0,1760098880,3.8836,0.555,230,89.924,2.1556,30.2727
98940.0,1760098940,3.8657,0.5227,230,89.8738,2.0205,29.8944
99000.0,1760099000,3.8543,0.475,231,89.8799,1.831,29.7231
99060.0,1760099060,3.8695,0.5595,231,90.0134,2.165,30.4168
99120.0,1760099120,3.884,0.5188,231,89.9455,2.0148,30.1386
99180.0,1760099180,3.8829,0.4624,231,89.8628,1.7953,30.1118
99240.0,1760099240,3.8896,0.4793,231,89.8659,1.8642,30.3393
99300.0,1760099300,3.877,0.4549,231,89.7505,1.7636,30.4285
99360.0,1760099360,3.8719,0.4027,231,89.8981,1.5591,30.2097
99420.0,1760099420,3.8777,0.4364,232,89.7173,1.6922,30.5108
99480.0,1760099480,3.8828,0.3885,232,89.9094,1.5087,30.1828
99540.0,1760099540,3.8842,0.3589,232,89.8507,1.3942,30.1143
99600.0,1760099600,3.8746,0.3115,232,90.0225,1.2071,30.0593
99660.0,1760099660,3.8898,0.3611,232,89.7347,1.4047,29.789
99720.0,1760099720,3.8747,0.3937,232,89.8056,1.5253,30.2585
99780.0,1760099780,3.8726,0.3167,232,89.9489,1.2266,29.5118
99840.0,1760099840,3.8753,0.4636,233,89.8916,1.7965,29.9962
99900.0,1760099900,3.8904,0.3678,233,89.7318,1.4309,30.0364
99960.0,1760099960,3.8783,0.3746,233,89.7967,1.4529,29.8743
100020.0,1760100020,3.8723,0.3349,233,89.7702,1.297,29.9052
100080.0,1760100080,3.8882,0.3735,233,89.7839,1.4524,30.3892
100140.0,1760100140,3.8997,0.2272,233,89.6968,0.8859,30.1199
100200.0,1760100200,3.8802,0.124,233,89.7369,0.4813,29.6742
100260.0,1760100260,3.8895,0.2153,234,89.6075,0.8372,29.7852
100320.0,1760100320,3.8878,0.2509,234,89.7376,0.9754,29.647
100380.0,1760100380,3.8712,0.2159,234,89.7542,0.8358,30.0101
100440.0,1760100440,3.8769,0.2074,234,89.6915,0.8041,29.807
100500.0,1760100500,3.8628,0.2449,234,89.572,0.9461,29.4883
100560.0,1760100560,3.8743,0.1832,234,89.7718,0.7096,29.8469
100620.0,1760100620,3.8694,0.1892,234,89.7134,0.7319,29.9139
100680.0,1760100680,3.8708,0.0873,234,89.6178,0.3381,29.9317
100740.0,1760100740,3.8671,0.0646,235,89.6451,0.2499,29.7007
100800.0,1760100800,3.8709,0.1851,235,89.5392,0.7166,29.7316
100860.0,1760100860,3.8789,0.0945,235,89.5689,0.3664,30.1252
100920.0,1760100920,3.8721,0.0432,235,89.5997,0.1674,29.6826
100980.0,1760100980,3.855,0.0283,235,89.7328,0.109,29.8075
101040.0,1760101040,3.865,0.0118,235,89.5752,0.0458,29.5368
101100.0,1760101100,3.8574,-0.0062,235,89.6694,-0.024,29.7724
101160.0,1760101160,3.8741,-0.05,236,89.5671,-0.1938,29.3724
101220.0,1760101220,3.8766,-0.076,236,89.6219,-0.2945,29.586
101280.0,1760101280,3.8736,-0.0258,236,89.5828,-0.0998,29.3907
101340.0,1760101340,3.8631,-0.0608,236,89.656,-0.2347,29.5334
101400.0,1760101400,3.8725,0.0092,236,89.5355,0.0356,29.8572
101460.0,1760101460,3.8645,-0.0466,236,89.4447,-0.18,29.5085
101520.0,1760101520,3.8574,-0.063,236,89.4521,-0.2431,29.7816
101580.0,1760101580,3.8761,-0.1284,237,89.5124,-0.4979,29.9877
101640.0,1760101640,3.8762,-0.1123,237,89.4474,-0.4354,29.6596
101700.0,1760101700,3.8777,-0.1032,237,89.5725,-0.4002,29.8504
101760.0,1760101760,3.8613,-0.1004,237,89.4948,-0.3876,29.7493
101820.0,1760101820,3.8799,-0.1558,237,89.7145,-0.6044,29.7044
101880.0,1760101880,3.8611,-0.112,237,89.3781,-0.4323,29.7898
101940.0,1760101940,3.8729,-0.1803,237,89.526,-0.6984,30.056
102000.0,1760102000,3.8602,-0.1558,238,89.4121,-0.6015,29.5346
102060.0,1760102060,3.8629,-0.2347,238,89.4556,-0.9065,29.5268
102120.0,1760102120,3.8407,-0.3154,238,89.4991,-1.2115,29.5732
102180.0,1760102180,3.8605,-0.226,238,89.2946,-0.8723,29.8976
102240.0,1760102240,3.865,-0.2176,238,89.4924,-0.8411,29.9113
102300.0,1760102300,3.8602,-0.2396,238,89.6187,-0.9247,29.589
102360.0,1760102360,3.8804,-0.2616,238,89.4232,-1.015,29.2802
102420.0,1760102420,3.8511,-0.3144,239,89.4733,-1.2108,29.608
102480.0,1760102480,3.8569,-0.3515,239,89.5276,-1.3557,29.8755
102540.0,1760102540,3.8525,-0.2977,239,89.4257,-1.1468,29.7027
102600.0,1760102600,3.8553,-0.318,239,89.3856,-1.2259,29.7616
102660.0,1760102660,3.8701,-0.3813,239,89.2433,-1.4755,29.6647
102720.0,1760102720,3.8753,-0.3116,239,89.47,-1.2074,29.9095
102780.0,1760102780,3.8527,-0.4249,239,89.4031,-1.637,29.8591
102840.0,1760102840,3.8516,-0.4236,240,89.3247,-1.6314,29.8997
102900.0,1760102900,3.8473,-0.3261,240,89.4094,-1.2544,29.7293
102960.0,1760102960,3.8711,-0.3778,240,89.3462,-1.4627,29.8368
103020.0,1760103020,3.8688,-0.4524,240,89.3443,-1.7504,29.8762
103080.0,1760103080,3.8565,-0.4333,240,89.4288,-1.6711,29.5765
103140.0,1760103140,3.8424,-0.453,240,89.2671,-1.7405,29.8453
103200.0,1760103200,3.8437,-0.6109,240,89.4518,-2.3481,30.0482
103260.0,1760103260,3.857,-0.5317,241,89.2502,-2.0507,30.0504
103320.0,1760103320,3.8606,-0.5015,241,89.303,-1.9362,29.8712
103380.0,1760103380,3.835,-0.5293,241,89.5039,-2.0299,29.6099
103440.0,1760103440,3.8517,-0.5115,241,89.4344,-1.9699,29.6191
103500.0,1760103500,3.8701,-0.4795,241,89.3462,-1.8558,29.6615
103560.0,1760103560,3.8509,-0.5641,241,89.2575,-2.1724,29.8467
103620.0,1760103620,3.8676,-0.6128,241,89.2847,-2.3701,29.8159
103680.0,1760103680,3.859,-0.5554,242,89.3273,-2.1433,29.5623
103740.0,1760103740,3.8411,-0.5996,242,89.319,-2.303,29.5889
103800.0,1760103800,3.8485,-0.6024,242,89.3032,-2.3185,29.3899
103860.0,1760103860,3.8497,-0.6205,242,89.3026,-2.3886,29.1926
103920.0,1760103920,3.8409,-0.5049,242,89.2826,-1.9391,29.6901
103980.0,1760103980,3.8397,-0.7399,242,89.1792,-2.8409,30.3609
104040.0,1760104040,3.8644,-0.658,242,89.248,-2.5426,30.1831
104100.0,1760104100,3.8396,-0.6493,242,89.3574,-2.493,29.6135
104160.0,1760104160,3.8587,-0.6985,243,89.1697,-2.6954,29.8708
104220.0,1760104220,3.8436,-0.6246,243,89.259,-2.4008,29.481
104280.0,1760104280,3.8469,-0.639,243,89.2036,-2.458,29.5152
104340.0,1760104340,3.8527,-0.6918,243,89.2732,-2.6653,29.5726
104400.0,1760104400,3.8404,-0.7125,243,89.2284,-2.7364,29.7758
104460.0,1760104460,3.8523,-0.714,243,89.3729,-2.7506,29.7777
104520.0,1760104520,3.8253,-0.7229,243,89.2906,-2.7651,29.8639
104580.0,1760104580,3.8489,-0.7305,244,89.1405,-2.8118,29.9442
104640.0,1760104640,3.8201,-0.7448,244,89.2945,-2.8453,29.7477
104700.0,1760104700,3.8415,-0.7314,244,89.1744,-2.8096,29.8036
104760.0,1760104760,3.8519,-0.7147,244,89.1857,-2.7531,29.5562
104820.0,1760104820,3.8494,-0.8221,244,89.2526,-3.1645,29.5839
104880.0,1760104880,3.8294,-0.8211,244,89.1838,-3.1442,29.5441
104940.0,1760104940,3.8308,-0.8637,244,89.2903,-3.3086,29.9998
105000.0,1760105000,3.8344,-0.7405,245,89.1527,-2.8393,29.6956
105060.0,1760105060,3.8427,-0.7786,245,89.161,-2.9919,29.4113
105120.0,1760105120,3.8201,-0.7729,245,89.1539,-2.9526,29.7602
105180.0,1760105180,3.8398,-0.8765,245,89.1571,-3.3656,29.5977
105240.0,1760105240,3.8432,-0.7224,245,89.2863,-2.7764,30.048
105300.0,1760105300,3.8366,-0.8485,245,89.2447,-3.2554,29.6927
105360.0,1760105360,3.8447,-0.8158,245,89.3273,-3.1366,29.9103
105420.0,1760105420,3.8414,-0.7875,246,89.3681,-3.0249,29.9608
105480.0,1760105480,3.8319,-0.8852,246,89.1004,-3.3922,29.6219
105540.0,1760105540,3.8179,-0.8687,246,89.1848,-3.3166,29.8064
105600.0,1760105600,3.8377,-0.8376,246,89.0814,-3.2146,29.8686
105660.0,1760105660,3.8265,-0.7087,246,89.1096,-2.7119,29.6695
105720.0,1760105720,3.8298,-0.8413,246,89.1178,-3.222,29.8162
105780.0,1760105780,3.8398,-0.7806,246,89.0801,-2.9972,29.4209
105840.0,1760105840,3.8487,-0.8049,247,89.077,-3.0977,29.8086
105900.0,1760105900,3.834,-0.8508,247,89.1462,-3.2619,29.6287
105960.0,1760105960,3.839,-0.9224,247,89.057,-3.5413,29.8446
106020.0,1760106020,3.8194,-0.8235,247,89.2183,-3.1454,29.8709
106080.0,1760106080,3.8351,-0.9547,247,89.0742,-3.6615,29.917
106140.0,1760106140,3.8331,-0.8028,247,89.3691,-3.0774,29.7228
106200.0,1760106200,3.8442,-0.8757,247,89.105,-3.3663,29.8311
106260.0,1760106260,3.8263,-1.0207,248,89.1436,-3.9057,29.9477
106320.0,1760106320,3.8283,-0.9076,248,89.031,-3.4744,30.0098
106380.0,1760106380,3.842,-0.8599,248,89.268,-3.3038,29.657
106440.0,1760106440,3.8298,-0.9063,248,89.218,-3.4708,29.7249
106500.0,1760106500,3.8189,-0.8602,248,89.1491,-3.2851,29.8329
106560.0,1760106560,3.8544,-0.9398,248,89.0146,-3.6222,29.6032
106620.0,1760106620,3.8183,-0.9636,248,89.1362,-3.6793,29.4444
106680.0,1760106680,3.8274,-0.9027,249,89.0266,-3.455,29.7525
106740.0,1760106740,3.8322,-0.8981,249,89.2304,-3.4416,29.6
106800.0,1760106800,3.8307,-0.9174,249,89.1752,-3.5141,29.4062
106860.0,1760106860,3.8254,-0.8386,249,89.1152,-3.208,29.6759
106920.0,1760106920,3.824,-0.9423,249,88.9098,-3.6033,29.936
106980.0,1760106980,3.8236,-0.8836,249,89.0231,-3.3787,29.2679
107040.0,1760107040,3.8151,-0.8952,249,89.154,-3.4152,29.7985
107100.0,1760107100,3.8475,-0.9755,249,89.1932,-3.7531,29.1418
107160.0,1760107160,3.8234,-0.9623,250,89.1821,-3.6794,29.5496
107220.0,1760107220,3.83,-0.8943,250,88.9633,-3.4253,29.9342
107280.0,1760107280,3.8211,-0.7941,250,89.112,-3.0344,29.4112
107340.0,1760107340,3.8207,-0.8623,250,89.1664,-3.2944,29.5402
107400.0,1760107400,3.8182,-0.9753,250,88.9497,-3.7238,29.7561
107460.0,1760107460,3.8076,-1.042,250,89.0791,-3.9676,29.3044
107520.0,1760107520,3.8212,-0.8471,250,89.0989,-3.237,29.497
107580.0,1760107580,3.8181,-0.8856,251,89.0502,-3.3813,29.517
107640.0,1760107640,3.8328,-0.8205,251,88.9234,-3.1449,29.8153
107700.0,1760107700,3.8094,-0.9182,251,89.0429,-3.4976,29.2646
107760.0,1760107760,3.8152,-0.8529,251,89.0401,-3.2539,29.3739
107820.0,1760107820,3.8117,-0.8241,251,89.0518,-3.1413,29.2323
107880.0,1760107880,3.8345,-0.8846,251,89.0159,-3.3921,29.2501
107940.0,1760107940,3.8111,-0.8791,251,89.0228,-3.3503,29.6687
108000.0,1760108000,3.8252,-0.8518,252,89.0525,-3.2585,29.4174
108060.0,1760108060,3.8291,-0.8211,252,89.0884,-3.1439,29.267
108120.0,1760108120,3.8172,-0.8437,252,89.0259,-3.2208,29.2833
108180.0,1760108180,3.8045,-0.7889,252,89.0149,-3.0015,29.221
108240.0,1760108240,3.8045,-0.8551,252,89.0524,-3.2532,29.2824
108300.0,1760108300,3.8256,-0.8925,252,88.8886,-3.4145,29.1447
108360.0,1760108360,3.805,-0.7212,252,89.0778,-2.744,29.1993
108420.0,1760108420,3.821,-0.8439,253,89.0369,-3.2246,29.268
108480.0,1760108480,3.8179,-0.8355,253,89.0374,-3.19,29.1721
108540.0,1760108540,3.8205,-0.8036,253,89.1083,-3.0703,29.3196
108600.0,1760108600,3.82,-0.79,253,88.8725,-3.0176,29.3161
108660.0,1760108660,3.8056,-0.8054,253,88.8681,-3.0651,29.1596
108720.0,1760108720,3.8057,-0.7795,253,89.0451,-2.9666,29.2118
108780.0,1760108780,3.8222,-0.7729,253,89.0199,-2.9544,29.6575
108840.0,1760108840,3.8085,-0.7543,254,89.0313,-2.8729,29.6254
108900.0,1760108900,3.7867,-0.8728,254,88.9779,-3.3052,29.0757
108960.0,1760108960,3.8208,-0.6526,254,89.0652,-2.4935,28.9178
109020.0,1760109020,3.8038,-0.7455,254,89.0838,-2.8357,28.9535
109080.0,1760109080,3.8183,-0.7004,254,89.045,-2.6742,29.3311
109140.0,1760109140,3.827,-0.7894,254,88.9825,-3.0208,29.1015
109200.0,1760109200,3.8122,-0.7349,254,88.8318,-2.8014,29.1759
109260.0,1760109260,3.8228,-0.7356,255,89.059,-2.812,29.5182
109320.0,1760109320,3.8143,-0.6189,255,89.0922,-2.3608,29.0137
109380.0,1760109380,3.8281,-0.712,255,89.043,-2.7256,29.2218
109440.0,1760109440,3.8008,-0.6349,255,88.918,-2.413,29.1132
109500.0,1760109500,3.8116,-0.6952,255,89.0392,-2.6498,28.9299
109560.0,1760109560,3.8183,-0.675,255,89.051,-2.5773,29.2335
109620.0,1760109620,3.8096,-0.6541,255,89.1037,-2.4921,28.8253
109680.0,1760109680,3.8218,-0.567,256,88.9057,-2.167,29.1837
109740.0,1760109740,3.806,-0.7149,256,88.9545,-2.7207,28.9068
109800.0,1760109800,3.8311,-0.6751,256,89.0291,-2.5865,28.8871
109860.0,1760109860,3.8311,-0.6955,256,88.9706,-2.6647,28.7715
109920.0,1760109920,3.812,-0.6412,256,88.8733,-2.4442,28.751
109980.0,1760109980,3.8151,-0.6159,256,88.9924,-2.3496,28.8204
110040.0,1760110040,3.8213,-0.6443,256,89.0021,-2.4622,28.4324
110100.0,1760110100,3.7971,-0.5885,256,88.9594,-2.2345,28.8175
110160.0,1760110160,3.7957,-0.6405,257,88.9664,-2.4312,28.7943
110220.0,1760110220,3.821,-0.5785,257,88.9246,-2.2106,28.9945
110280.0,1760110280,3.8116,-0.4553,257,89.0599,-1.7355,28.8126
110340.0,1760110340,3.8055,-0.4827,257,88.8659,-1.837,28.5985
110400.0,1760110400,3.8078,-0.4809,257,88.8873,-1.8313,28.637
110460.0,1760110460,3.7838,-0.5277,257,88.9314,-1.9969,28.7093
110520.0,1760110520,3.8059,-0.5416,257,88.997,-2.0611,29.0546
110580.0,1760110580,3.7992,-0.5087,258,88.8031,-1.9327,28.5567
110640.0,1760110640,3.8158,-0.4408,258,88.8141,-1.6821,28.513
110700.0,1760110700,3.8161,-0.382,258,88.752,-1.4578,28.3742
110760.0,1760110760,3.8125,-0.367,258,88.9136,-1.399,28.2815
110820.0,1760110820,3.8101,-0.3671,258,88.8174,-1.3986,28.6295
110880.0,1760110880,3.7913,-0.4219,258,88.872,-1.5996,28.6426
110940.0,1760110940,3.8124,-0.3701,258,88.9515,-1.411,28.8071
111000.0,1760111000,3.8121,-0.3736,259,88.843,-1.4243,28.7517
111060.0,1760111060,3.8185,-0.3537,259,88.9085,-1.3506,28.9969
111120.0,1760111120,3.8269,-0.2278,259,88.8617,-0.8718,28.392
111180.0,1760111180,3.789,-0.4037,259,88.935,-1.5295,28.4854
111240.0,1760111240,3.8018,-0.3131,259,88.9148,-1.1905,28.195
111300.0,1760111300,3.7977,-0.2266,259,88.8168,-0.8604,28.5151
111360.0,1760111360,3.8069,-0.3461,259,88.8541,-1.3176,28.4851
111420.0,1760111420,3.8057,-0.2906,260,88.9464,-1.1059,28.5372
111480.0,1760111480,3.8028,-0.2704,260,88.8897,-1.0282,28.153
111540.0,1760111540,3.8146,-0.2405,260,88.7417,-0.9175,28.4172
111600.0,1760111600,3.7941,-0.2945,260,88.901,-1.1175,28.4211
111660.0,1760111660,3.7939,-0.1703,260,88.7569,-0.6461,28.2985
111720.0,1760111720,3.7949,-0.152,260,88.9517,-0.5769,28.1093
111780.0,1760111780,3.8013,-0.1451,260,88.9156,-0.5517,28.4683
111840.0,1760111840,3.7923,-0.1992,261,88.8517,-0.7556,28.6737
111900.0,1760111900,3.8039,-0.1365,261,88.836,-0.5193,27.9814
111960.0,1760111960,3.8025,-0.1709,261,88.8014,-0.6498,28.365
112020.0,1760112020,3.7966,-0.1276,261,88.8671,-0.4844,27.6007
112080.0,1760112080,3.8127,0.0117,261,88.7778,0.0446,28.2072
112140.0,1760112140,3.8036,-0.0762,261,88.8209,-0.2898,27.741
112200.0,1760112200,3.815,-0.1253,261,88.8663,-0.4781,28.0393
112260.0,1760112260,3.8018,-0.0419,262,88.7461,-0.1592,27.8048
112320.0,1760112320,3.8035,-0.1034,262,88.7361,-0.3933,28.0635
112380.0,1760112380,3.7978,-0.0807,262,88.6842,-0.3064,28.2461
112440.0,1760112440,3.8034,-0.0577,262,88.6888,-0.2195,27.6785
112500.0,1760112500,3.8102,-0.0128,262,88.6219,-0.0487,27.932
112560.0,1760112560,3.8,0.0714,262,88.8206,0.2712,27.9381
112620.0,1760112620,3.8097,0.0685,262,88.901,0.261,28.3446
112680.0,1760112680,3.7962,0.0808,263,88.8643,0.3067,28.1145
112740.0,1760112740,3.8107,0.0148,263,88.6141,0.0562,27.7299
112800.0,1760112800,3.7983,0.0577,263,88.796,0.219,27.8953
112860.0,1760112860,3.8129,0.1133,263,88.8456,0.4321,28.3353
112920.0,1760112920,3.8042,0.0833,263,88.689,0.3169,28.1328
112980.0,1760112980,3.8191,0.1157,263,88.7273,0.442,27.8222
113040.0,1760113040,3.7915,0.1666,263,88.5521,0.6318,27.9831
113100.0,1760113100,3.7892,0.142,263,88.7276,0.538,27.9598
113160.0,1760113160,3.7973,0.1856,264,88.6147,0.7046,27.924
113220.0,1760113220,3.7901,0.2687,264,88.7091,1.0183,27.746
113280.0,1760113280,3.7895,0.1952,264,88.5616,0.7395,27.8837
113340.0,1760113340,3.8104,0.2774,264,88.7232,1.0569,28.3528
113400.0,1760113400,3.8044,0.261,264,88.7549,0.9929,27.9756
113460.0,1760113460,3.799,0.1742,264,88.6034,0.6617,27.9517
113520.0,1760113520,3.7998,0.2069,264,88.5682,0.7862,28.0166
113580.0,1760113580,3.7974,0.2347,265,88.4797,0.8914,28.4444
113640.0,1760113640,3.8207,0.248,265,88.6238,0.9475,28.0031
113700.0,1760113700,3.7968,0.3004,265,88.5915,1.1407,28.2521
113760.0,1760113760,3.7906,0.3498,265,88.5068,1.3261,27.9432
113820.0,1760113820,3.8127,0.3959,265,88.6599,1.5095,28.0378
113880.0,1760113880,3.8023,0.3625,265,88.5804,1.3785,28.0555
113940.0,1760113940,3.8247,0.3387,265,88.523,1.2955,27.8691
114000.0,1760114000,3.7993,0.2707,266,88.5573,1.0283,27.9188
114060.0,1760114060,3.8138,0.392,266,88.6799,1.4949,28.2242
114120.0,1760114120,3.8161,0.4033,266,88.6349,1.5389,27.8856
114180.0,1760114180,3.7999,0.4246,266,88.5687,1.6133,28.0528
114240.0,1760114240,3.7981,0.5341,266,88.621,2.0284,28.2722
114300.0,1760114300,3.8123,0.504,266,88.471,1.9213,27.9315
114360.0,1760114360,3.8113,0.4943,266,88.5587,1.8838,28.2978
114420.0,1760114420,3.7916,0.4199,267,88.5601,1.592,28.0239
114480.0,1760114480,3.7943,0.4551,267,88.5029,1.727,27.9946
114540.0,1760114540,3.7807,0.4887,267,88.5675,1.8478,27.6429
114600.0,1760114600,3.8117,0.4673,267,88.4623,1.781,27.9427
114660.0,1760114660,3.8038,0.5434,267,88.5575,2.0672,28.1428
114720.0,1760114720,3.805,0.5485,267,88.5528,2.0871,28.4118
114780.0,1760114780,3.7885,0.4884,267,88.2672,1.8502,28.1183
114840.0,1760114840,3.7962,0.6146,268,88.5877,2.3331,28.3211
114900.0,1760114900,3.8009,0.5717,268,88.2405,2.1728,27.8098
114960.0,1760114960,3.8001,0.4917,268,88.4268,1.8686,27.9525
115020.0,1760115020,3.8088,0.5871,268,88.5499,2.2362,28.2884
115080.0,1760115080,3.8131,0.615,268,88.4342,2.3452,27.8793
115140.0,1760115140,3.8297,0.6608,268,88.334,2.5305,28.2766
115200.0,1760115200,3.8072,0.6062,268,88.3554,2.308,28.1768
115260.0,1760115260,3.8196,0.6753,269,88.5166,2.5793,28.1306
115320.0,1760115320,3.7991,0.6539,269,88.2723,2.4841,27.983
115380.0,1760115380,3.7921,0.5892,269,88.5079,2.2343,27.79
115440.0,1760115440,3.8051,0.5944,269,88.4046,2.2619,28.3367
115500.0,1760115500,3.7924,0.7314,269,88.3051,2.7737,28.2079
115560.0,1760115560,3.809,0.7449,269,88.3453,2.8375,28.1507
115620.0,1760115620,3.8011,0.711,269,88.3019,2.7025,27.9631
115680.0,1760115680,3.7903,0.7791,270,88.444,2.9531,28.0981
115740.0,1760115740,3.8274,0.7664,270,88.4246,2.9335,28.1036
115800.0,1760115800,3.8039,0.7569,270,88.2198,2.8791,28.1334
115860.0,1760115860,3.7937,0.686,270,88.3163,2.6026,28.1339
115920.0,1760115920,3.8191,0.8268,270,88.2708,3.1578,27.9336
115980.0,1760115980,3.804,0.7756,270,88.4345,2.9502,27.7461
116040.0,1760116040,3.8214,0.7377,270,88.2143,2.8191,28.0164
116100.0,1760116100,3.8046,0.7317,270,88.4418,2.7836,27.6356
116160.0,1760116160,3.8061,0.7857,271,88.302,2.9906,27.954
116220.0,1760116220,3.8148,0.697,271,88.2028,2.6588,27.8363
116280.0,1760116280,3.8177,0.8229,271,88.2327,3.1416,28.1277
116340.0,1760116340,3.8197,0.7474,271,88.2139,2.8549,28.3559
116400.0,1760116400,3.8112,0.8206,271,88.1671,3.1274,27.6195
116460.0,1760116460,3.8182,0.7827,271,88.2678,2.9886,28.4235
116520.0,1760116520,3.8202,0.8021,271,88.153,3.064,27.928
116580.0,1760116580,3.8146,0.7837,272,88.0679,2.9896,28.02
116640.0,1760116640,3.8122,0.8195,272,88.203,3.1243,27.6867
116700.0,1760116700,3.7989,0.9279,272,88.0802,3.525,28.2463
116760.0,1760116760,3.8201,0.9082,272,88.1553,3.4696,28.0301
116820.0,1760116820,3.8148,0.8621,272,88.1338,3.2885,27.9631
116880.0,1760116880,3.8105,0.8482,272,88.1279,3.232,27.5675
116940.0,1760116940,3.8289,0.8965,272,88.3487,3.4327,27.999
117000.0,1760117000,3.8014,0.9154,273,88.1841,3.4799,28.1592
117060.0,1760117060,3.8325,0.8218,273,88.1903,3.1496,27.8586
117120.0,1760117120,3.8153,0.8636,273,88.0196,3.2949,28.1647
117180.0,1760117180,3.8195,0.7803,273,88.1004,2.9802,28.0805
117240.0,1760117240,3.8131,0.9312,273,88.161,3.5506,27.8372
117300.0,1760117300,3.8002,0.9817,273,88.0529,3.7305,28.3156
117360.0,1760117360,3.8166,0.8856,273,88.1985,3.3799,27.9195
117420.0,1760117420,3.8208,0.7782,274,88.0207,2.9735,27.8253
117480.0,1760117480,3.8249,0.9176,274,88.0851,3.5098,27.9375
117540.0,1760117540,3.8164,0.8444,274,88.0522,3.2224,27.8638
117600.0,1760117600,3.7971,0.8586,274,88.1034,3.2601,27.3261
117660.0,1760117660,3.8037,0.925,274,88.0301,3.5183,27.859
117720.0,1760117720,3.8401,0.908,274,88.0508,3.487,27.6007
117780.0,1760117780,3.809,0.8723,274,88.0447,3.3227,28.1611
117840.0,1760117840,3.8344,0.8654,275,87.996,3.3183,28.1384
117900.0,1760117900,3.8116,0.9051,275,88.0848,3.4498,28.0143
117960.0,1760117960,3.8194,0.879,275,88.0563,3.3572,27.7663
118020.0,1760118020,3.8277,0.8444,275,88.0213,3.2321,27.5757
118080.0,1760118080,3.8135,0.8834,275,87.9852,3.3688,27.668
118140.0,1760118140,3.8385,0.9169,275,88.0747,3.5194,28.2059
118200.0,1760118200,3.8233,0.8906,275,87.9834,3.4052,27.649
118260.0,1760118260,3.8275,0.8283,276,87.969,3.1702,27.2576
118320.0,1760118320,3.8208,0.9475,276,87.9933,3.6203,28.0212
118380.0,1760118380,3.8311,0.76,276,88.1121,2.9117,27.9565
118440.0,1760118440,3.8394,0.8733,276,87.8605,3.3529,28.07
118500.0,1760118500,3.8236,0.863,276,88.0208,3.2996,27.9287
118560.0,1760118560,3.8415,0.8995,276,87.7992,3.4555,27.9818
118620.0,1760118620,3.8193,0.9181,276,87.9596,3.5064,27.7582
118680.0,1760118680,3.834,0.944,277,88.0598,3.6192,27.3443
118740.0,1760118740,3.8313,0.8494,277,87.9645,3.2542,27.6808
118800.0,1760118800,3.8159,0.9115,277,87.9307,3.4781,27.8405
118860.0,1760118860,3.8289,0.8888,277,87.8639,3.4032,27.6624
118920.0,1760118920,3.8275,0.7901,277,87.9029,3.024,27.5656
118980.0,1760118980,3.8191,0.9671,277,87.872,3.6934,27.542
119040.0,1760119040,3.8315,0.7963,277,87.8211,3.0509,27.3892
119100.0,1760119100,3.8299,0.8851,277,87.8526,3.3898,28.0197
119160.0,1760119160,3.8284,0.8793,278,87.8836,3.3662,28.0138
119220.0,1760119220,3.8284,0.869,278,87.7982,3.3268,27.6216
119280.0,1760119280,3.8286,0.8256,278,87.7871,3.1611,27.6353
119340.0,1760119340,3.826,0.8867,278,87.7348,3.3924,27.4232
119400.0,1760119400,3.8322,0.762,278,87.8669,2.9201,27.6397
119460.0,1760119460,3.8249,0.8312,278,87.8714,3.1792,27.9101
119520.0,1760119520,3.8582,0.8005,278,87.8385,3.0885,27.2194
119580.0,1760119580,3.8182,0.7888,279,87.8894,3.012,27.6004
119640.0,1760119640,3.8265,0.8379,279,87.8115,3.2063,27.6464
119700.0,1760119700,3.8279,0.8639,279,87.8282,3.3069,27.6566
119760.0,1760119760,3.8537,0.7862,279,87.8135,3.0297,27.8092
119820.0,1760119820,3.8204,0.8355,279,87.7743,3.1918,27.9191
119880.0,1760119880,3.8381,0.7918,279,87.7317,3.0389,27.422
119940.0,1760119940,3.8379,0.7373,279,87.9438,2.8296,27.5516
120000.0,1760120000,3.8381,0.7614,280,87.7231,2.9225,27.445
120060.0,1760120060,3.8475,0.7516,280,87.6987,2.8917,27.2857
120120.0,1760120120,3.8481,0.7237,280,87.7794,2.7849,27.436
120180.0,1760120180,3.8318,0.7717,280,87.7576,2.9572,27.5465
120240.0,1760120240,3.838,0.7536,280,87.6179,2.8924,27.4331
120300.0,1760120300,3.8189,0.6537,280,87.813,2.4964,27.1255
120360.0,1760120360,3.8385,0.6418,280,87.7086,2.4636,27.1916
120420.0,1760120420,3.8296,0.7366,281,87.6203,2.8207,27.261
120480.0,1760120480,3.837,0.6653,281,87.7974,2.5528,27.1188
120540.0,1760120540,3.8222,0.7117,281,87.7454,2.7204,27.3793
120600.0,1760120600,3.8428,0.726,281,87.5874,2.79,27.4038
120660.0,1760120660,3.8234,0.6136,281,87.824,2.346,27.4184
120720.0,1760120720,3.8419,0.5965,281,87.7279,2.2918,27.0295
120780.0,1760120780,3.8283,0.7406,281,87.6678,2.8353,27.1931
120840.0,1760120840,3.8331,0.6641,282,87.7893,2.5454,27.5506
120900.0,1760120900,3.853,0.6149,282,87.6683,2.3694,27.1598
120960.0,1760120960,3.8477,0.5784,282,87.6469,2.2257,27.1619
121020.0,1760121020,3.8535,0.5887,282,87.59,2.2685,27.1214
121080.0,1760121080,3.8586,0.5436,282,87.6831,2.0973,27.3394
121140.0,1760121140,3.8356,0.636,282,87.6684,2.4394,27.4136
121200.0,1760121200,3.8586,0.5415,282,87.6253,2.0895,27.3188
121260.0,1760121260,3.8291,0.6234,283,87.5549,2.3871,27.1595
121320.0,1760121320,3.852,0.5369,283,87.6224,2.0683,26.9031
121380.0,1760121380,3.84,0.4929,283,87.6005,1.8926,27.42
121440.0,1760121440,3.8355,0.5117,283,87.4935,1.9624,27.2139
121500.0,1760121500,3.8513,0.3895,283,87.4766,1.5002,26.8463
121560.0,1760121560,3.8559,0.5023,283,87.6338,1.9369,27.3053
121620.0,1760121620,3.8548,0.4873,283,87.3748,1.8786,26.8942
121680.0,1760121680,3.8493,0.5244,284,87.5937,2.0187,27.3059
121740.0,1760121740,3.8486,0.3761,284,87.5335,1.4474,27.1935
121800.0,1760121800,3.8537,0.5156,284,87.6709,1.9868,26.818
121860.0,1760121860,3.8512,0.4854,284,87.5213,1.8695,27.0875
121920.0,1760121920,3.8545,0.4938,284,87.6082,1.9035,27.1272
121980.0,1760121980,3.8511,0.4153,284,87.5184,1.5993,27.4239
122040.0,1760122040,3.8581,0.4552,284,87.554,1.7562,26.7773
122100.0,1760122100,3.8341,0.3174,284,87.5987,1.217,27.0951
122160.0,1760122160,3.849,0.413,285,87.4976,1.5896,26.8816
122220.0,1760122220,3.8374,0.325,285,87.6093,1.2473,26.5526
122280.0,1760122280,3.8537,0.2672,285,87.4451,1.0296,26.7237
122340.0,1760122340,3.8683,0.2796,285,87.5432,1.0815,26.7513
122400.0,1760122400,3.8478,0.322,285,87.5886,1.2391,26.5662
122460.0,1760122460,3.8541,0.2664,285,87.5628,1.0268,26.7892
122520.0,1760122520,3.8613,0.3122,285,87.6586,1.2055,26.9482
122580.0,1760122580,3.8324,0.1887,286,87.4396,0.7231,26.6988
122640.0,1760122640,3.848,0.1584,286,87.3857,0.6094,26.5119
122700.0,1760122700,3.8574,0.3189,286,87.4119,1.2301,26.7124
122760.0,1760122760,3.8259,0.2809,286,87.5398,1.0748,26.7043
122820.0,1760122820,3.8454,0.1687,286,87.5224,0.6487,26.6523
122880.0,1760122880,3.8664,0.2064,286,87.4864,0.7978,26.8545
122940.0,1760122940,3.8654,0.2428,286,87.384,0.9384,26.7096
123000.0,1760123000,3.8602,0.198,287,87.5309,0.7643,26.3325
123060.0,1760123060,3.8649,0.1696,287,87.3674,0.6556,26.4715
123120.0,1760123120,3.8596,0.2021,287,87.554,0.7801,26.6368
123180.0,1760123180,3.864,0.0959,287,87.6858,0.3706,26.7372
123240.0,1760123240,3.8547,0.1191,287,87.4824,0.459,26.7842
123300.0,1760123300,3.8595,0.1016,287,87.4958,0.3923,26.8594
123360.0,1760123360,3.852,0.0739,287,87.4058,0.2847,26.5023
123420.0,1760123420,3.8708,0.053,288,87.2965,0.2053,26.606
123480.0,1760123480,3.8742,0.0611,288,87.3893,0.2368,26.1628
123540.0,1760123540,3.873,0.0441,288,87.3463,0.1709,26.52
123600.0,1760123600,3.8553,-0.0251,288,87.3142,-0.0967,26.1978
123660.0,1760123660,3.8515,0.0523,288,87.5641,0.2016,26.4162
123720.0,1760123720,3.8736,-0.0516,288,87.4445,-0.2001,27.0281
123780.0,1760123780,3.8666,-0.0288,288,87.4495,-0.1115,26.4587
123840.0,1760123840,3.8646,-0.0478,289,87.3908,-0.1846,26.2346
123900.0,1760123900,3.8554,-0.0302,289,87.3982,-0.1163,26.469
123960.0,1760123960,3.8668,-0.1691,289,87.4858,-0.6538,26.3894
124020.0,1760124020,3.8516,-0.0336,289,87.4026,-0.1294,26.1866
124080.0,1760124080,3.8694,-0.127,289,87.4443,-0.4915,26.8684
124140.0,1760124140,3.8769,-0.0472,289,87.3828,-0.1828,26.5916
124200.0,1760124200,3.8797,-0.147,289,87.3678,-0.5704,26.5217
124260.0,1760124260,3.8703,-0.1405,290,87.2794,-0.5437,26.3634
124320.0,1760124320,3.8495,-0.0572,290,87.2305,-0.2203,26.3075
124380.0,1760124380,3.8663,-0.1816,290,87.3646,-0.7023,26.7722
124440.0,1760124440,3.8862,-0.1206,290,87.3869,-0.4688,26.4708
124500.0,1760124500,3.8559,-0.1954,290,87.2764,-0.7533,25.8474
124560.0,1760124560,3.8648,-0.1912,290,87.3734,-0.7391,26.9395
124620.0,1760124620,3.8799,-0.2231,290,87.3774,-0.8657,26.5121
124680.0,1760124680,3.8714,-0.1988,291,87.1976,-0.7696,26.5195
124740.0,1760124740,3.8908,-0.29,291,87.2939,-1.1282,26.7359
124800.0,1760124800,3.8595,-0.3193,291,87.3967,-1.2324,26.6299
124860.0,1760124860,3.8572,-0.3164,291,87.3922,-1.2204,26.6788
124920.0,1760124920,3.879,-0.2938,291,87.266,-1.1395,26.4214
124980.0,1760124980,3.8556,-0.324,291,87.3681,-1.2491,26.2794
125040.0,1760125040,3.8663,-0.2915,291,87.4343,-1.1271,26.5504
125100.0,1760125100,3.8677,-0.2758,291,87.4118,-1.0667,26.7632
125160.0,1760125160,3.8787,-0.4037,292,87.3392,-1.566,26.4447
125220.0,1760125220,3.8746,-0.4055,292,87.3066,-1.571,26.4252
125280.0,1760125280,3.8732,-0.4543,292,87.2909,-1.7595,26.8493
125340.0,1760125340,3.8653,-0.2945,292,87.3759,-1.1385,26.381
125400.0,1760125400,3.8817,-0.3943,292,87.3513,-1.5306,26.4655
125460.0,1760125460,3.9102,-0.3989,292,87.3833,-1.5599,26.472
125520.0,1760125520,3.8769,-0.5032,292,87.3407,-1.9508,26.6124
125580.0,1760125580,3.8715,-0.4494,293,87.3929,-1.7398,26.263
125640.0,1760125640,3.8575,-0.4369,293,87.3323,-1.6852,26.4553
125700.0,1760125700,3.8646,-0.4878,293,87.3848,-1.8853,26.6455
125760.0,1760125760,3.8691,-0.4342,293,87.3889,-1.6798,26.5967
125820.0,1760125820,3.8654,-0.385,293,87.2522,-1.488,26.7399
125880.0,1760125880,3.8704,-0.5604,293,87.1692,-2.1689,27.0121
125940.0,1760125940,3.8899,-0.5764,293,87.4346,-2.2423,26.9553
126000.0,1760126000,3.8843,-0.5814,294,87.329,-2.2583,26.8354
126060.0,1760126060,3.8697,-0.4692,294,87.1686,-1.8158,26.5288
126120.0,1760126120,3.8598,-0.5093,294,87.2459,-1.9657,26.4618
126180.0,1760126180,3.886,-0.5799,294,87.3621,-2.2535,26.6423
126240.0,1760126240,3.8719,-0.5828,294,87.2752,-2.2567,26.7541
126300.0,1760126300,3.8553,-0.6369,294,87.2539,-2.4553,26.8406
126360.0,1760126360,3.8806,-0.5628,294,87.4042,-2.1839,26.7375
126420.0,1760126420,3.8829,-0.6373,295,87.2056,-2.4746,26.6444
126480.0,1760126480,3.8487,-0.6422,295,87.2228,-2.4716,26.826
126540.0,1760126540,3.8653,-0.6094,295,87.3008,-2.3557,26.8907
126600.0,1760126600,3.8726,-0.6598,295,87.3124,-2.5552,26.851
126660.0,1760126660,3.8813,-0.6725,295,87.318,-2.6101,26.675
126720.0,1760126720,3.8691,-0.6704,295,87.3484,-2.5937,26.5092
126780.0,1760126780,3.8658,-0.6411,295,87.2886,-2.4783,26.4774
126840.0,1760126840,3.8817,-0.6083,296,87.309,-2.3612,26.4828
126900.0,1760126900,3.8695,-0.6709,296,87.2462,-2.5961,26.717
126960.0,1760126960,3.8799,-0.6694,296,87.2691,-2.5972,26.7648
127020.0,1760127020,3.8635,-0.7287,296,87.2698,-2.8155,26.4219
127080.0,1760127080,3.8613,-0.7631,296,87.2755,-2.9466,26.6281
127140.0,1760127140,3.8827,-0.7038,296,87.3171,-2.7326,26.7267
127200.0,1760127200,3.8777,-0.7365,296,87.2967,-2.8559,26.5209
127260.0,1760127260,3.8843,-0.8246,297,87.2528,-3.2028,26.8548
127320.0,1760127320,3.8695,-0.778,297,87.1815,-3.0103,26.666
127380.0,1760127380,3.8673,-0.7736,297,87.2486,-2.9919,26.5762
127440.0,1760127440,3.8889,-0.8027,297,87.2378,-3.1218,26.7516
127500.0,1760127500,3.8602,-0.7106,297,87.2524,-2.7432,26.7427
127560.0,1760127560,3.8889,-0.768,297,87.4103,-2.9866,26.5373
127620.0,1760127620,3.8885,-0.7304,297,87.1887,-2.8401,26.6254
127680.0,1760127680,3.8844,-0.7927,298,87.2611,-3.0791,26.8144
127740.0,1760127740,3.8692,-0.8084,298,87.3095,-3.1279,26.5781
127800.0,1760127800,3.8676,-0.8657,298,87.2286,-3.3481,26.4419
127860.0,1760127860,3.8746,-0.8244,298,87.4044,-3.1942,26.4303
127920.0,1760127920,3.8627,-0.8303,298,87.1837,-3.207,26.656
127980.0,1760127980,3.8663,-0.9049,298,87.2365,-3.4988,26.5329
128040.0,1760128040,3.882,-0.869,298,87.1432,-3.3735,26.6957
128100.0,1760128100,3.8822,-0.8634,298,87.1754,-3.3519,27.0911
128160.0,1760128160,3.8655,-0.8315,299,87.2199,-3.2143,26.4543
128220.0,1760128220,3.883,-0.8339,299,87.2641,-3.2379,26.6729
128280.0,1760128280,3.8806,-0.8905,299,87.2182,-3.4556,27.1987
128340.0,1760128340,3.8915,-0.8422,299,87.2897,-3.2776,26.8128
128400.0,1760128400,3.8816,-0.8788,299,87.1776,-3.4111,26.6845
128460.0,1760128460,3.8864,-1.0169,299,87.1548,-3.9521,26.8349
128520.0,1760128520,3.8817,-0.9012,299,87.3939,-3.4982,26.8573
128580.0,1760128580,3.8858,-0.8263,300,87.2052,-3.2107,27.0484
128640.0,1760128640,3.8627,-0.9673,300,87.1121,-3.7365,26.7138
128700.0,1760128700,3.8743,-0.8804,300,87.1101,-3.4109,26.5967
128760.0,1760128760,3.875,-0.8093,300,87.0862,-3.1359,26.4135
128820.0,1760128820,3.8737,-0.9288,300,87.2324,-3.598,26.8036
128880.0,1760128880,3.88,-0.8927,300,87.1241,-3.4638,26.4709
128940.0,1760128940,3.882,-0.9598,300,87.1592,-3.726,26.7111
129000.0,1760129000,3.8795,-0.8148,301,87.1397,-3.1609,26.5042
129060.0,1760129060,3.874,-0.9016,301,87.1989,-3.4927,26.9683
129120.0,1760129120,3.8677,-0.8961,301,87.0682,-3.4658,26.6457
129180.0,1760129180,3.8859,-0.8315,301,87.0455,-3.231,26.7733
129240.0,1760129240,3.8788,-0.8666,301,87.1449,-3.3615,26.3996
129300.0,1760129300,3.8652,-0.9437,301,87.1705,-3.6478,26.8068
129360.0,1760129360,3.8733,-0.9323,301,87.1443,-3.6112,26.5291
129420.0,1760129420,3.8572,-0.875,302,87.0483,-3.375,26.6372
129480.0,1760129480,3.8755,-0.9304,302,87.1625,-3.6059,27.2075
129540.0,1760129540,3.8725,-1.0043,302,87.0439,-3.8893,27.0094
129600.0,1760129600,3.8687,-0.9001,302,87.0568,-3.4823,26.7125
129660.0,1760129660,3.89,-0.9702,302,87.0181,-3.7742,27.4327
129720.0,1760129720,3.8633,-0.8139,302,87.1926,-3.1444,26.4836
129780.0,1760129780,3.8815,-0.8841,302,87.1341,-3.4317,26.9546
129840.0,1760129840,3.8962,-0.9362,303,87.1267,-3.6476,26.4555
129900.0,1760129900,3.8852,-0.9236,303,87.1729,-3.5885,26.7021
129960.0,1760129960,3.8746,-0.9807,303,87.2928,-3.7996,26.5259
130020.0,1760130020,3.8616,-0.9384,303,86.9257,-3.6237,26.812
130080.0,1760130080,3.8595,-0.8296,303,86.998,-3.2019,26.6838
130140.0,1760130140,3.8689,-0.7656,303,87.0023,-2.962,26.5589
130200.0,1760130200,3.8659,-0.8373,303,86.978,-3.2371,26.8954
130260.0,1760130260,3.8653,-0.8745,304,86.9542,-3.3803,26.5925
130320.0,1760130320,3.8694,-0.8875,304,87.0108,-3.4342,26.7809
130380.0,1760130380,3.871,-0.9095,304,86.9317,-3.5208,26.8965
130440.0,1760130440,3.8773,-0.7542,304,87.05,-2.9244,26.3109
130500.0,1760130500,3.8598,-0.8619,304,87.0215,-3.3269,26.5434
130560.0,1760130560,3.8653,-0.7418,304,87.0499,-2.8672,26.6071
130620.0,1760130620,3.8703,-0.7727,304,87.046,-2.9905,26.7466
130680.0,1760130680,3.8698,-0.924,305,87.0476,-3.5756,27.0254
130740.0,1760130740,3.8895,-0.8646,305,86.9633,-3.3627,26.65
130800.0,1760130800,3.8742,-0.8588,305,87.1567,-3.3273,26.6249
130860.0,1760130860,3.8548,-0.8232,305,86.9995,-3.1734,26.4849
130920.0,1760130920,3.874,-0.8159,305,86.8254,-3.1608,26.7193
130980.0,1760130980,3.8754,-0.6565,305,86.8878,-2.5441,26.4661
131040.0,1760131040,3.8681,-0.8533,305,86.8223,-3.3008,26.6281
131100.0,1760131100,3.8577,-0.781,306,86.9564,-3.0128,26.6061
131160.0,1760131160,3.8871,-0.7543,306,86.9387,-2.9322,26.7138
131220.0,1760131220,3.8584,-0.7778,306,86.9043,-3.0009,26.5095
131280.0,1760131280,3.8764,-0.7645,306,87.0959,-2.9635,26.4572
131340.0,1760131340,3.871,-0.8143,306,86.9722,-3.1522,26.7379
131400.0,1760131400,3.8748,-0.7486,306,86.9795,-2.9007,25.994
131460.0,1760131460,3.8849,-0.72,306,86.84,-2.7972,26.4557
131520.0,1760131520,3.8731,-0.7207,306,86.8276,-2.7912,26.347
131580.0,1760131580,3.862,-0.6998,307,86.9034,-2.7025,26.8014
131640.0,1760131640,3.8784,-0.6487,307,86.9072,-2.5159,26.4321
131700.0,1760131700,3.8599,-0.6633,307,86.7378,-2.5603,26.4202
131760.0,1760131760,3.8682,-0.6972,307,86.8646,-2.697,26.5502
131820.0,1760131820,3.8534,-0.7498,307,86.8729,-2.8893,26.4834
131880.0,1760131880,3.8556,-0.7115,307,86.8472,-2.7431,26.4918
131940.0,1760131940,3.8659,-0.6825,307,86.792,-2.6385,26.5692
132000.0,1760132000,3.8688,-0.6488,308,86.8064,-2.51,26.439
132060.0,1760132060,3.848,-0.675,308,86.828,-2.5973,26.4593
132120.0,1760132120,3.8697,-0.6873,308,86.8418,-2.6598,26.3537
132180.0,1760132180,3.8564,-0.6893,308,86.8753,-2.6581,26.3273
132240.0,1760132240,3.8772,-0.7016,308,86.9057,-2.7201,26.5809
132300.0,1760132300,3.86,-0.6197,308,86.788,-2.3921,26.5655
132360.0,1760132360,3.8519,-0.6702,308,86.7673,-2.5817,26.2599
132420.0,1760132420,3.8639,-0.6354,309,86.831,-2.4551,26.6707
132480.0,1760132480,3.8537,-0.5935,309,86.8369,-2.2873,26.639
132540.0,1760132540,3.8747,-0.6289,309,86.7454,-2.437,26.7106
132600.0,1760132600,3.8622,-0.5313,309,86.8354,-2.0519,26.4986
132660.0,1760132660,3.8603,-0.5013,309,86.8425,-1.935,26.5432
132720.0,1760132720,3.8675,-0.5536,309,86.8594,-2.141,26.8959
132780.0,1760132780,3.8514,-0.5356,309,86.8902,-2.063,26.3856
132840.0,1760132840,3.8471,-0.4745,310,86.6705,-1.8253,26.1891
132900.0,1760132900,3.864,-0.5244,310,86.7327,-2.0264,26.1329
132960.0,1760132960,3.8485,-0.5151,310,86.7242,-1.9825,26.7848
133020.0,1760133020,3.8481,-0.4033,310,86.7072,-1.552,26.6995
133080.0,1760133080,3.8668,-0.4059,310,86.6548,-1.5696,26.1644
133140.0,1760133140,3.863,-0.4069,310,86.5795,-1.572,26.2063
133200.0,1760133200,3.8454,-0.3775,310,86.6973,-1.4516,26.265
133260.0,1760133260,3.851,-0.5093,311,86.62,-1.9611,26.6818
133320.0,1760133320,3.8481,-0.3292,311,86.6799,-1.2669,26.0372
133380.0,1760133380,3.8741,-0.3637,311,86.6009,-1.4091,25.9307
133440.0,1760133440,3.8648,-0.3191,311,86.5679,-1.2332,26.7237
133500.0,1760133500,3.8517,-0.3365,311,86.666,-1.2959,26.3685
133560.0,1760133560,3.8612,-0.3395,311,86.6507,-1.3107,26.4012
133620.0,1760133620,3.8416,-0.3417,311,86.6764,-1.3126,26.2731
133680.0,1760133680,3.8486,-0.2955,312,86.7962,-1.1371,26.3723
133740.0,1760133740,3.8552,-0.3152,312,86.6348,-1.2152,25.9943
133800.0,1760133800,3.8583,-0.242,312,86.6427,-0.9336,26.0725
133860.0,1760133860,3.8517,-0.3503,312,86.5089,-1.3494,26.3506
133920.0,1760133920,3.8547,-0.2837,312,86.4834,-1.0935,25.8243
133980.0,1760133980,3.8536,-0.1399,312,86.7041,-0.539,26.1052
134040.0,1760134040,3.8498,-0.2588,312,86.4948,-0.9965,26.1904
134100.0,1760134100,3.8479,-0.2249,313,86.4763,-0.8652,26.1779
134160.0,1760134160,3.8466,-0.2424,313,86.5478,-0.9323,26.1446
134220.0,1760134220,3.8527,-0.1667,313,86.5348,-0.6422,25.9976
134280.0,1760134280,3.8537,-0.2055,313,86.4609,-0.792,25.866
134340.0,1760134340,3.8513,-0.1631,313,86.4998,-0.6283,26.228
134400.0,1760134400,3.8377,-0.0965,313,86.6136,-0.3705,26.0884
134460.0,1760134460,3.8382,-0.159,313,86.4418,-0.6102,25.926
134520.0,1760134520,3.8515,-0.0697,313,86.3858,-0.2683,26.1449
134580.0,1760134580,3.8626,-0.053,314,86.5637,-0.2047,26.0628
134640.0,1760134640,3.8488,-0.0263,314,86.5187,-0.1014,26.0111
134700.0,1760134700,3.8422,-0.057,314,86.4207,-0.2191,25.6994
134760.0,1760134760,3.8477,0.1131,314,86.3348,0.435,26.315
134820.0,1760134820,3.834,0.0188,314,86.3928,0.0721,25.8594
134880.0,1760134880,3.8582,-0.0026,314,86.439,-0.0101,26.1088
134940.0,1760134940,3.847,-0.0476,314,86.5276,-0.183,25.9735
135000.0,1760135000,3.837,0.0065,315,86.3424,0.0248,26.0277
135060.0,1760135060,3.842,0.0977,315,86.4096,0.3754,26.412
135120.0,1760135120,3.8382,0.1269,315,86.4613,0.4872,26.3145
135180.0,1760135180,3.8548,0.1304,315,86.2078,0.5029,26.4402
135240.0,1760135240,3.8406,0.1108,315,86.472,0.4257,26.2679
135300.0,1760135300,3.8428,0.0238,315,86.2857,0.0915,26.2148
135360.0,1760135360,3.847,0.126,315,86.3979,0.4846,25.8645
135420.0,1760135420,3.8334,0.0545,316,86.3821,0.2089,26.1035
135480.0,1760135480,3.8425,0.0571,316,86.4402,0.2196,26.1276
135540.0,1760135540,3.8426,0.1584,316,86.3885,0.6086,26.5019
135600.0,1760135600,3.8227,0.1874,316,86.1453,0.7165,26.1828
135660.0,1760135660,3.8409,0.2213,316,86.2638,0.8499,26.3677
135720.0,1760135720,3.8377,0.2157,316,86.3287,0.8279,26.3591
135780.0,1760135780,3.8389,0.2322,316,86.2932,0.8912,26.5624
135840.0,1760135840,3.8377,0.171,317,86.3381,0.6563,26.259
135900.0,1760135900,3.8395,0.2296,317,86.3542,0.8815,26.502
135960.0,1760135960,3.8497,0.174,317,86.3309,0.6699,25.9549
136020.0,1760136020,3.8237,0.1637,317,86.2563,0.6258,25.9687
136080.0,1760136080,3.8309,0.3152,317,86.1169,1.2076,25.96
136140.0,1760136140,3.8411,0.2549,317,86.2194,0.9789,26.5296
136200.0,1760136200,3.839,0.3504,317,86.2805,1.345,26.5876
136260.0,1760136260,3.8377,0.3763,318,86.1512,1.4441,26.6571
136320.0,1760136320,3.8608,0.304,318,86.2803,1.1735,26.2886
136380.0,1760136380,3.839,0.3784,318,86.2938,1.4526,26.3751
136440.0,1760136440,3.8434,0.3297,318,86.2226,1.2671,26.4288
136500.0,1760136500,3.8272,0.2842,318,85.9588,1.0877,26.7097
136560.0,1760136560,3.8205,0.3963,318,86.0931,1.5141,26.8537
136620.0,1760136620,3.8281,0.3801,318,86.3377,1.4552,26.6652
136680.0,1760136680,3.8369,0.3951,319,86.1346,1.5159,26.589
136740.0,1760136740,3.8327,0.5292,319,86.0112,2.0282,26.9016
136800.0,1760136800,3.8335,0.3673,319,86.2603,1.408,26.4584
136860.0,1760136860,3.8263,0.4758,319,86.1542,1.8205,26.5228
136920.0,1760136920,3.8246,0.4198,319,86.2332,1.6058,26.535
136980.0,1760136980,3.8257,0.5278,319,86.1587,2.0192,26.4561
137040.0,1760137040,3.8343,0.51,319,86.165,1.9554,26.6073
137100.0,1760137100,3.8349,0.5265,320,86.1492,2.0193,26.4368
137160.0,1760137160,3.8161,0.4727,320,86.1678,1.804,26.827
137220.0,1760137220,3.8339,0.4939,320,86.2861,1.8937,26.7525
137280.0,1760137280,3.8188,0.5907,320,86.1735,2.2556,27.012
137340.0,1760137340,3.8284,0.6448,320,85.9614,2.4685,26.4484
137400.0,1760137400,3.8221,0.592,320,86.1156,2.2628,27.1174
137460.0,1760137460,3.8395,0.5348,320,86.1632,2.0532,26.3818
137520.0,1760137520,3.8192,0.608,320,86.1603,2.3222,26.5203
137580.0,1760137580,3.824,0.7238,321,86.0221,2.7676,26.7334
137640.0,1760137640,3.8284,0.6186,321,86.1417,2.3683,27.0402
137700.0,1760137700,3.813,0.6975,321,86.115,2.6597,26.8921
137760.0,1760137760,3.8212,0.5982,321,86.2389,2.2859,26.7239
137820.0,1760137820,3.8174,0.6437,321,85.9655,2.4573,26.6559
137880.0,1760137880,3.8146,0.6872,321,85.9774,2.6214,26.5793
137940.0,1760137940,3.8149,0.6863,321,85.986,2.6183,27.0857
138000.0,1760138000,3.8298,0.6382,322,85.9639,2.4442,26.9858
138060.0,1760138060,3.8121,0.6459,322,85.9245,2.4622,27.1081
138120.0,1760138120,3.8225,0.7454,322,85.7674,2.8494,27.0021
138180.0,1760138180,3.8204,0.7651,322,85.9464,2.9229,26.4156
138240.0,1760138240,3.8032,0.7904,322,86.0035,3.0059,26.7209
138300.0,1760138300,3.8215,0.814,322,85.9273,3.1108,27.0873
138360.0,1760138360,3.8027,0.7394,322,86.1146,2.8118,26.8664
138420.0,1760138420,3.8218,0.7258,323,85.9538,2.7738,26.8233
138480.0,1760138480,3.8105,0.8173,323,86.049,3.1145,26.7934
138540.0,1760138540,3.8148,0.7937,323,85.9598,3.0277,27.1905
138600.0,1760138600,3.8015,0.7169,323,85.9982,2.7254,27.0366
138660.0,1760138660,3.815,0.7222,323,85.9476,2.7551,27.0557
138720.0,1760138720,3.823,0.8061,323,86.0281,3.0816,26.9017
138780.0,1760138780,3.8047,0.78,323,85.9164,2.9675,27.0487
138840.0,1760138840,3.8064,0.7947,324,85.945,3.0248,26.7637
138900.0,1760138900,3.8165,0.8565,324,85.9282,3.269,27.0608
138960.0,1760138960,3.8161,0.8476,324,85.8693,3.2344,26.58
139020.0,1760139020,3.7868,0.8826,324,85.9184,3.3421,26.8061
139080.0,1760139080,3.8315,0.7258,324,86.0584,2.7808,26.936
139140.0,1760139140,3.8152,0.841,324,85.8518,3.2087,27.5739
139200.0,1760139200,3.8167,0.8689,324,85.9008,3.3162,26.7672
139260.0,1760139260,3.8082,0.7633,325,85.9618,2.907,26.8005
139320.0,1760139320,3.7906,0.8122,325,85.9463,3.0789,27.138
139380.0,1760139380,3.8151,0.808,325,85.85,3.0827,27.4515
139440.0,1760139440,3.8013,0.856,325,85.6525,3.2538,27.1828
139500.0,1760139500,3.8131,0.9409,325,85.8786,3.5877,27.3571
139560.0,1760139560,3.804,0.965,325,85.654,3.6707,27.1749
139620.0,1760139620,3.8096,0.8272,325,85.9434,3.1514,27.0366
139680.0,1760139680,3.7985,0.8982,326,85.8337,3.4116,27.2184
139740.0,1760139740,3.8148,0.9034,326,85.8945,3.4463,27.0811
139800.0,1760139800,3.7931,0.8982,326,85.7368,3.407,27.3601
139860.0,1760139860,3.8268,0.9019,326,85.6793,3.4514,26.9036
139920.0,1760139920,3.8271,0.9,326,85.819,3.4444,27.408
139980.0,1760139980,3.8205,0.9718,326,85.7901,3.7129,27.302
140040.0,1760140040,3.8163,0.945,326,85.7482,3.6063,27.2365
140100.0,1760140100,3.8026,0.839,327,85.7891,3.1903,26.8729
140160.0,1760140160,3.8158,0.9337,327,85.9986,3.5626,27.0881
140220.0,1760140220,3.802,0.9401,327,85.8389,3.5743,27.5358
140280.0,1760140280,3.7871,0.9126,327,85.851,3.4562,27.2393
140340.0,1760140340,3.8172,0.9546,327,85.8296,3.6439,27.3772
140400.0,1760140400,3.8134,0.9083,327,85.8756,3.4637,27.1156
140460.0,1760140460,3.8007,0.9095,327,85.7372,3.4569,27.2937
140520.0,1760140520,3.7877,0.9059,327,85.5833,3.4314,27.0292
140580.0,1760140580,3.7945,0.7991,328,85.7279,3.0321,27.2453
140640.0,1760140640,3.7822,0.8958,328,85.8032,3.3882,27.3839
140700.0,1760140700,3.8088,0.8661,328,85.6561,3.2987,27.3573
140760.0,1760140760,3.7833,0.8395,328,85.7151,3.1761,27.0984
140820.0,1760140820,3.8016,0.9696,328,85.6694,3.6862,27.322
140880.0,1760140880,3.7909,0.922,328,85.8405,3.4952,27.4671
140940.0,1760140940,3.7844,0.8939,328,85.7759,3.3829,27.3022
141000.0,1760141000,3.8007,0.8655,329,85.7638,3.2896,27.2716
141060.0,1760141060,3.7946,0.9067,329,85.7572,3.4405,27.7501
141120.0,1760141120,3.8058,0.9393,329,85.7003,3.5747,27.2127
141180.0,1760141180,3.7845,0.846,329,85.7149,3.2015,27.5517
141240.0,1760141240,3.7887,0.8844,329,85.6002,3.3508,27.143
141300.0,1760141300,3.7717,0.9252,329,85.5161,3.4895,27.545
141360.0,1760141360,3.7744,0.7818,329,85.6991,2.9509,27.4485
141420.0,1760141420,3.814,0.8723,330,85.7091,3.3271,27.2848
141480.0,1760141480,3.8169,0.8501,330,85.776,3.2448,27.1332
141540.0,1760141540,3.7969,0.861,330,85.8012,3.2692,26.999
141600.0,1760141600,3.7874,0.8385,330,85.7973,3.1757,27.2597
141660.0,1760141660,3.7914,0.8661,330,85.5882,3.2837,27.5178
141720.0,1760141720,3.8031,0.9508,330,85.6362,3.6159,27.2725
141780.0,1760141780,3.7893,0.8336,330,85.6991,3.1586,27.4214
141840.0,1760141840,3.7973,0.8592,331,85.8597,3.2629,27.1351
141900.0,1760141900,3.7942,0.9391,331,85.772,3.563,27.4553
141960.0,1760141960,3.7882,0.8063,331,85.7397,3.0543,27.1743
142020.0,1760142020,3.7878,0.9187,331,85.6156,3.4799,27.4859
142080.0,1760142080,3.7955,0.8222,331,85.5726,3.1207,27.3321
142140.0,1760142140,3.7833,0.9048,331,85.703,3.423,27.2682
142200.0,1760142200,3.7966,0.8467,331,85.5485,3.2146,27.336
142260.0,1760142260,3.7875,0.8178,332,85.6142,3.0975,27.2659
142320.0,1760142320,3.7933,0.7923,332,85.6208,3.0053,27.1776
142380.0,1760142380,3.8063,0.7572,332,85.7542,2.882,27.6369
142440.0,1760142440,3.7898,0.7848,332,85.5952,2.9741,27.3785
142500.0,1760142500,3.7996,0.8183,332,85.4253,3.1091,27.045
142560.0,1760142560,3.7735,0.7649,332,85.6577,2.8864,27.3263
142620.0,1760142620,3.786,0.7417,332,85.5583,2.8081,27.6236
142680.0,1760142680,3.7911,0.7367,333,85.6146,2.793,27.2926
142740.0,1760142740,3.8098,0.7904,333,85.6012,3.0114,27.7956
142800.0,1760142800,3.7708,0.7934,333,85.5833,2.9917,27.3354
142860.0,1760142860,3.7896,0.6899,333,85.6654,2.6145,27.533
142920.0,1760142920,3.8041,0.6808,333,85.4766,2.5896,27.6406
142980.0,1760142980,3.7819,0.7239,333,85.5549,2.7376,27.5662
143040.0,1760143040,3.7879,0.7718,333,85.6481,2.9236,27.248
143100.0,1760143100,3.7927,0.7431,334,85.5414,2.8182,27.3199
143160.0,1760143160,3.7907,0.6133,334,85.4589,2.3248,27.647
143220.0,1760143220,3.8053,0.6526,334,85.6383,2.4835,27.292
143280.0,1760143280,3.7942,0.6091,334,85.6718,2.3109,27.6218
143340.0,1760143340,3.8024,0.6318,334,85.5755,2.4023,27.3673
143400.0,1760143400,3.7846,0.7148,334,85.4194,2.7051,27.5566
143460.0,1760143460,3.7817,0.5526,334,85.63,2.0899,27.13
143520.0,1760143520,3.7858,0.5319,334,85.4379,2.0136,27.2775
143580.0,1760143580,3.7772,0.5603,335,85.5927,2.1162,27.2555
143640.0,1760143640,3.793,0.6047,335,85.4942,2.2938,27.5199
143700.0,1760143700,3.7841,0.6099,335,85.4696,2.3081,27.5063
143760.0,1760143760,3.7814,0.5892,335,85.5243,2.2278,27.5723
143820.0,1760143820,3.7932,0.6143,335,85.5423,2.33,27.4105
143880.0,1760143880,3.7765,0.4554,335,85.5026,1.7198,27.2042
143940.0,1760143940,3.796,0.5909,335,85.5985,2.2429,27.544
144000.0,1760144000,3.7831,0.5036,336,85.513,1.9051,27.2405
144060.0,1760144060,3.7999,0.5434,336,85.6244,2.0648,27.7028
144120.0,1760144120,3.7841,0.4281,336,85.5657,1.6199,27.3808
144180.0,1760144180,3.7939,0.4818,336,85.4847,1.828,27.3904
144240.0,1760144240,3.7892,0.4806,336,85.4684,1.8211,27.556
144300.0,1760144300,3.7945,0.5136,336,85.4031,1.949,27.4836
144360.0,1760144360,3.7889,0.3635,336,85.5554,1.3773,27.0562
144420.0,1760144420,3.7709,0.4311,337,85.501,1.6257,27.2386
144480.0,1760144480,3.7968,0.362,337,85.3368,1.3744,27.6161
144540.0,1760144540,3.7865,0.4281,337,85.4809,1.621,27.4832
144600.0,1760144600,3.7951,0.4281,337,85.4489,1.6249,27.1392
144660.0,1760144660,3.7951,0.44,337,85.6442,1.6698,27.5645
144720.0,1760144720,3.7792,0.3351,337,85.3791,1.2665,27.3075
144780.0,1760144780,3.7779,0.3944,337,85.3971,1.4899,27.3009
144840.0,1760144840,3.7946,0.4021,338,85.5983,1.5258,27.2622
144900.0,1760144900,3.7851,0.2378,338,85.6152,0.9002,27.5689
144960.0,1760144960,3.7967,0.3365,338,85.4441,1.2775,27.0639
145020.0,1760145020,3.7856,0.3395,338,85.4502,1.2854,27.3011
145080.0,1760145080,3.7981,0.2644,338,85.5471,1.0041,27.4417
145140.0,1760145140,3.791,0.2024,338,85.3086,0.7672,27.693
145200.0,1760145200,3.7899,0.2956,338,85.3429,1.1203,27.572
145260.0,1760145260,3.7839,0.1739,339,85.4662,0.6582,27.204
145320.0,1760145320,3.7908,0.2104,339,85.6096,0.7976,27.7175
145380.0,1760145380,3.7996,0.2027,339,85.4476,0.77,27.1437
145440.0,1760145440,3.7874,0.2257,339,85.4874,0.8549,27.4956
145500.0,1760145500,3.7938,0.1438,339,85.5669,0.5457,27.4839
145560.0,1760145560,3.7894,0.1261,339,85.6415,0.4779,27.2054
145620.0,1760145620,3.7892,0.1504,339,85.4236,0.57,27.55
145680.0,1760145680,3.8055,0.1809,340,85.4651,0.6884,27.3414
145740.0,1760145740,3.8011,0.23,340,85.6089,0.8743,27.632
145800.0,1760145800,3.7886,0.0253,340,85.338,0.0958,26.9707
145860.0,1760145860,3.7911,0.1014,340,85.5386,0.3845,27.476
145920.0,1760145920,3.7812,0.0163,340,85.3715,0.0617,27.2679
145980.0,1760145980,3.787,0.1065,340,85.4576,0.4034,27.662
146040.0,1760146040,3.7918,-0.0064,340,85.4265,-0.0243,27.3526
146100.0,1760146100,3.7971,-0.0083,341,85.3657,-0.0314,27.6223
146160.0,1760146160,3.7962,-0.0191,341,85.3601,-0.0725,27.4922
146220.0,1760146220,3.7782,-0.0085,341,85.4572,-0.0322,27.3663
146280.0,1760146280,3.7995,-0.0036,341,85.511,-0.0138,27.555
146340.0,1760146340,3.7885,-0.0107,341,85.4172,-0.0405,27.5715
146400.0,1760146400,3.7797,-0.0502,341,85.4294,-0.1899,27.5483
146460.0,1760146460,3.8033,-0.1315,341,85.4657,-0.5001,27.0701
146520.0,1760146520,3.8041,-0.0436,341,85.3383,-0.166,27.2714
146580.0,1760146580,3.793,-0.0977,342,85.4713,-0.3705,27.7976
146640.0,1760146640,3.7976,-0.0519,342,85.4736,-0.1973,27.2427
146700.0,1760146700,3.7991,-0.1604,342,85.6123,-0.6093,27.7668
146760.0,1760146760,3.8043,-0.22,342,85.3698,-0.837,27.789
146820.0,1760146820,3.7978,-0.1565,342,85.3591,-0.5943,27.4614
146880.0,1760146880,3.7779,-0.1048,342,85.453,-0.396,27.1759
146940.0,1760146940,3.8115,-0.1764,342,85.4528,-0.6722,27.5281
147000.0,1760147000,3.8017,-0.2091,343,85.3401,-0.7951,28.0935
147060.0,1760147060,3.7862,-0.2574,343,85.3462,-0.9744,27.5536
147120.0,1760147120,3.7816,-0.1406,343,85.4173,-0.5316,27.4837
147180.0,1760147180,3.7966,-0.2945,343,85.3033,-1.1181,27.576
147240.0,1760147240,3.7891,-0.2938,343,85.3321,-1.1131,28.0277
147300.0,1760147300,3.7956,-0.2434,343,85.3675,-0.9239,27.7056
147360.0,1760147360,3.8003,-0.3791,343,85.4353,-1.4406,27.7474
147420.0,1760147420,3.7868,-0.2368,344,85.3025,-0.8967,28.0513
147480.0,1760147480,3.781,-0.2835,344,85.1987,-1.0719,27.9316
147540.0,1760147540,3.7963,-0.2838,344,85.1879,-1.0775,27.642
147600.0,1760147600,3.7876,-0.3149,344,85.2355,-1.1926,27.6158
147660.0,1760147660,3.7946,-0.3647,344,85.2262,-1.384,28.142
147720.0,1760147720,3.7804,-0.4236,344,85.3138,-1.6015,27.9707
147780.0,1760147780,3.7911,-0.3912,344,85.2259,-1.483,27.6414
147840.0,1760147840,3.8012,-0.4465,345,85.2596,-1.6973,27.6488
147900.0,1760147900,3.8004,-0.3869,345,85.2486,-1.4705,27.7444
147960.0,1760147960,3.7868,-0.3843,345,85.27,-1.4551,27.7275
148020.0,1760148020,3.784,-0.364,345,85.4057,-1.3774,27.5599
148080.0,1760148080,3.7958,-0.4324,345,85.3474,-1.6412,27.8138
148140.0,1760148140,3.8013,-0.4177,345,85.2902,-1.5879,27.8481
148200.0,1760148200,3.7998,-0.4917,345,85.2464,-1.8682,28.0085
148260.0,1760148260,3.7909,-0.5134,346,85.243,-1.9464,28.467
148320.0,1760148320,3.7996,-0.4784,346,85.2981,-1.8179,28.057
148380.0,1760148380,3.8121,-0.5339,346,85.3129,-2.0352,28.1312
148440.0,1760148440,3.7988,-0.5134,346,85.1877,-1.9503,28.2602
148500.0,1760148500,3.7811,-0.5921,346,85.2573,-2.2387,28.1838
148560.0,1760148560,3.7989,-0.5951,346,85.0859,-2.2608,28.3237
148620.0,1760148620,3.8185,-0.5311,346,85.2593,-2.028,28.2586
148680.0,1760148680,3.7857,-0.5302,347,85.2972,-2.0073,28.2362
148740.0,1760148740,3.7988,-0.6354,347,85.2076,-2.4137,28.8591
148800.0,1760148800,3.7974,-0.5639,347,85.3691,-2.1414,28.4409
148860.0,1760148860,3.7998,-0.6353,347,85.147,-2.414,28.1095
148920.0,1760148920,3.8016,-0.6189,347,85.2285,-2.3526,28.3967
148980.0,1760148980,3.8112,-0.5597,347,85.2018,-2.1331,28.127
149040.0,1760149040,3.801,-0.6008,347,85.1901,-2.2838,28.4175
149100.0,1760149100,3.8132,-0.6119,348,85.1824,-2.3334,28.0721
149160.0,1760149160,3.7997,-0.5666,348,85.1935,-2.1528,28.0994
149220.0,1760149220,3.798,-0.7073,348,85.2461,-2.6865,28.5124
149280.0,1760149280,3.7954,-0.7314,348,85.2817,-2.7758,28.6724
149340.0,1760149340,3.7837,-0.7279,348,85.1645,-2.7543,28.5807
149400.0,1760149400,3.8053,-0.7141,348,85.223,-2.7173,28.65
149460.0,1760149460,3.8228,-0.8285,348,85.0947,-3.167,28.6554
149520.0,1760149520,3.8078,-0.7303,348,85.2051,-2.7806,28.5466
149580.0,1760149580,3.8098,-0.7561,349,85.0758,-2.8804,28.4421
149640.0,1760149640,3.7999,-0.6984,349,85.2169,-2.6538,28.6694
149700.0,1760149700,3.8024,-0.7285,349,85.2993,-2.77,28.7459
149760.0,1760149760,3.8141,-0.7845,349,85.1054,-2.9921,28.5831
149820.0,1760149820,3.8239,-0.7331,349,84.9324,-2.8032,28.5413
149880.0,1760149880,3.8197,-0.7343,349,85.0566,-2.8048,28.894
149940.0,1760149940,3.8139,-0.8166,349,85.1916,-3.1144,28.6475
150000.0,1760150000,3.8063,-0.8103,350,85.1298,-3.0842,28.6717
150060.0,1760150060,3.8083,-0.9041,350,85.0979,-3.4433,28.8386
150120.0,1760150120,3.7994,-0.8544,350,85.1511,-3.2463,28.6925
150180.0,1760150180,3.7926,-0.8438,350,85.1015,-3.2003,28.5495
150240.0,1760150240,3.7965,-0.8096,350,85.1525,-3.0735,28.7719
150300.0,1760150300,3.8085,-0.8669,350,85.1208,-3.3016,28.7444
150360.0,1760150360,3.8057,-0.8514,350,85.1612,-3.2403,29.1183
150420.0,1760150420,3.7939,-0.8929,351,85.0603,-3.3875,28.9508
150480.0,1760150480,3.8088,-0.8287,351,85.0961,-3.1564,28.6327
150540.0,1760150540,3.8059,-0.8214,351,84.9911,-3.1262,28.9018
150600.0,1760150600,3.7976,-0.8278,351,84.9596,-3.1435,28.8327
150660.0,1760150660,3.807,-0.8522,351,85.1362,-3.2443,29.0626
150720.0,1760150720,3.8073,-0.9346,351,85.0088,-3.5581,28.7717
150780.0,1760150780,3.8049,-0.893,351,85.0477,-3.3977,28.8911
150840.0,1760150840,3.8205,-0.8866,352,84.985,-3.3871,28.8385
150900.0,1760150900,3.7923,-0.8903,352,84.92,-3.3764,28.883
150960.0,1760150960,3.7921,-0.8701,352,84.9595,-3.2997,28.6882
151020.0,1760151020,3.813,-0.8061,352,85.0651,-3.0736,28.9392
151080.0,1760151080,3.814,-0.84,352,84.9863,-3.2038,28.9447
151140.0,1760151140,3.8166,-0.933,352,84.7965,-3.5608,29.2026
151200.0,1760151200,3.8081,-0.8524,352,84.9078,-3.2461,28.8891
151260.0,1760151260,3.8055,-0.8568,353,85.0591,-3.2607,28.8222
151320.0,1760151320,3.8143,-0.9314,353,84.8909,-3.5525,29.1321
151380.0,1760151380,3.8097,-0.8506,353,84.7554,-3.2406,28.7608
151440.0,1760151440,3.8315,-0.9028,353,85.0423,-3.4592,29.1884
151500.0,1760151500,3.8127,-0.9668,353,84.9368,-3.6861,29.2491
151560.0,1760151560,3.8155,-0.8748,353,84.8679,-3.3378,29.2203
151620.0,1760151620,3.8411,-0.8877,353,84.8351,-3.4097,29.0645
151680.0,1760151680,3.8154,-0.9107,354,84.9427,-3.4745,28.9202
151740.0,1760151740,3.8227,-0.9016,354,84.804,-3.4466,29.042
151800.0,1760151800,3.8247,-0.9359,354,84.9304,-3.5796,29.1336
151860.0,1760151860,3.8257,-0.8694,354,84.8731,-3.3262,28.9023
151920.0,1760151920,3.8216,-0.9019,354,84.8405,-3.4465,29.3168
151980.0,1760151980,3.821,-0.8908,354,84.8237,-3.4039,29.1673
152040.0,1760152040,3.8204,-0.8805,354,84.7892,-3.3639,28.8745
152100.0,1760152100,3.8145,-0.9551,355,84.8779,-3.6431,29.499
152160.0,1760152160,3.8232,-0.9408,355,84.7161,-3.5967,29.1404
152220.0,1760152220,3.8403,-1.005,355,84.6467,-3.8596,28.9634
152280.0,1760152280,3.8335,-0.8645,355,84.8166,-3.314,28.9136
152340.0,1760152340,3.8248,-0.9513,355,84.809,-3.6385,29.4565
152400.0,1760152400,3.8307,-0.8818,355,84.788,-3.3778,29.4782
152460.0,1760152460,3.8139,-0.8673,355,84.7732,-3.3078,29.3133
152520.0,1760152520,3.8201,-0.8529,355,84.7059,-3.2583,29.3736
152580.0,1760152580,3.833,-0.9402,356,84.7855,-3.6039,29.4328
152640.0,1760152640,3.8385,-0.88,356,84.7099,-3.3779,29.2624
152700.0,1760152700,3.8162,-0.7897,356,84.6655,-3.0136,29.1544
152760.0,1760152760,3.8196,-0.7837,356,84.6705,-2.9935,29.2016
152820.0,1760152820,3.8476,-0.816,356,84.848,-3.1398,29.2765
152880.0,1760152880,3.8256,-0.8443,356,84.5385,-3.2299,29.0133
152940.0,1760152940,3.8442,-0.9069,356,84.7083,-3.4863,29.3678
153000.0,1760153000,3.8276,-0.816,357,84.5249,-3.1232,29.4502
153060.0,1760153060,3.829,-0.8548,357,84.6416,-3.2731,29.158
153120.0,1760153120,3.8238,-0.8137,357,84.6065,-3.1113,29.1134
153180.0,1760153180,3.8361,-0.8679,357,84.4653,-3.3292,29.3244
153240.0,1760153240,3.8416,-0.8392,357,84.6542,-3.2238,29.0859
153300.0,1760153300,3.8178,-0.8164,357,84.5837,-3.1169,28.9439
153360.0,1760153360,3.8244,-0.8061,357,84.4371,-3.083,29.4383
153420.0,1760153420,3.8386,-0.7874,358,84.6632,-3.0225,29.1131
153480.0,1760153480,3.8288,-0.8344,358,84.7018,-3.1948,29.2543
153540.0,1760153540,3.8257,-0.8658,358,84.6973,-3.3121,29.1633
153600.0,1760153600,3.8406,-0.7103,358,84.5978,-2.728,29.4259
153660.0,1760153660,3.8419,-0.6598,358,84.5638,-2.5348,29.3103
153720.0,1760153720,3.8273,-0.7544,358,84.6574,-2.8872,29.1768
153780.0,1760153780,3.8344,-0.8352,358,84.6768,-3.2026,29.0632
153840.0,1760153840,3.8204,-0.7997,359,84.624,-3.0553,29.2109
153900.0,1760153900,3.8231,-0.7275,359,84.4491,-2.7811,29.346
153960.0,1760153960,3.8342,-0.6775,359,84.5317,-2.5976,29.2392
154020.0,1760154020,3.8338,-0.7966,359,84.5419,-3.054,29.3281
154080.0,1760154080,3.8233,-0.7334,359,84.3532,-2.804,29.3075
154140.0,1760154140,3.8271,-0.7084,359,84.5267,-2.7111,29.4064
154200.0,1760154200,3.8248,-0.6658,359,84.6622,-2.5464,29.2216
154260.0,1760154260,3.8397,-0.7168,360,84.5228,-2.7522,29.3702
154320.0,1760154320,3.8162,-0.7682,360,84.5808,-2.9316,29.1334
154380.0,1760154380,3.8257,-0.6492,360,84.4689,-2.4835,29.7557
154440.0,1760154440,3.8174,-0.614,360,84.4397,-2.344,29.1694
154500.0,1760154500,3.8408,-0.6642,360,84.4675,-2.5512,29.3164
154560.0,1760154560,3.8185,-0.6295,360,84.3631,-2.4037,29.3705
154620.0,1760154620,3.8372,-0.6629,360,84.3427,-2.5439,29.2111
154680.0,1760154680,3.8546,-0.6708,361,84.5126,-2.5857,29.3104
154740.0,1760154740,3.8554,-0.5663,361,84.5126,-2.1833,29.2336
154800.0,1760154800,3.82,-0.5872,361,84.3151,-2.2431,29.0776
154860.0,1760154860,3.8422,-0.5708,361,84.4635,-2.1932,29.3443
154920.0,1760154920,3.8293,-0.5088,361,84.3707,-1.9485,28.8864
154980.0,1760154980,3.8278,-0.6251,361,84.3965,-2.3929,29.669
155040.0,1760155040,3.839,-0.5883,361,84.3979,-2.2584,29.4567
155100.0,1760155100,3.853,-0.5409,362,84.4324,-2.0841,29.3972
155160.0,1760155160,3.8468,-0.565,362,84.3513,-2.1733,28.9504
155220.0,1760155220,3.8345,-0.4854,362,84.4493,-1.8613,29.0847
155280.0,1760155280,3.8486,-0.5216,362,84.3532,-2.0075,29.5591
155340.0,1760155340,3.8196,-0.5494,362,84.3703,-2.0985,30.1428
155400.0,1760155400,3.8343,-0.4839,362,84.2457,-1.8553,29.5081
155460.0,1760155460,3.8352,-0.4659,362,84.4772,-1.7868,29.4711
155520.0,1760155520,3.8439,-0.4148,363,84.3342,-1.5944,29.3369
155580.0,1760155580,3.8415,-0.4288,363,84.3458,-1.6474,29.0826
155640.0,1760155640,3.8416,-0.4123,363,84.1523,-1.5839,29.4468
155700.0,1760155700,3.8419,-0.4061,363,84.2074,-1.5601,29.0315
155760.0,1760155760,3.845,-0.4181,363,84.3646,-1.6077,29.0282
155820.0,1760155820,3.8502,-0.431,363,84.2808,-1.6596,29.0348
155880.0,1760155880,3.8457,-0.3672,363,84.0972,-1.412,29.4424
155940.0,1760155940,3.8429,-0.3846,363,84.3259,-1.4778,29.2585
156000.0,1760156000,3.8495,-0.2696,364,84.1918,-1.0378,29.207
156060.0,1760156060,3.8548,-0.2731,364,84.3408,-1.0526,29.1953
156120.0,1760156120,3.8407,-0.2945,364,84.2136,-1.1311,28.9991
156180.0,1760156180,3.8462,-0.2931,364,84.2297,-1.1274,29.0978
156240.0,1760156240,3.8591,-0.3023,364,84.3004,-1.1664,29.1238
156300.0,1760156300,3.8359,-0.3466,364,84.1271,-1.3297,29.011
156360.0,1760156360,3.8653,-0.28,364,84.1124,-1.0824,29.1466
156420.0,1760156420,3.8345,-0.2497,365,84.169,-0.9576,29.0156
156480.0,1760156480,3.8451,-0.2288,365,84.244,-0.8798,29.3393
156540.0,1760156540,3.8385,-0.2022,365,84.0644,-0.7763,29.3432
156600.0,1760156600,3.8701,-0.165,365,84.0306,-0.6386,28.9311
156660.0,1760156660,3.8445,-0.231,365,84.2231,-0.8881,29.1918
156720.0,1760156720,3.8442,-0.2158,365,84.1022,-0.8296,29.6187
156780.0,1760156780,3.8459,-0.0943,365,84.1124,-0.3627,28.9626
156840.0,1760156840,3.8502,-0.1135,366,83.9887,-0.4368,29.2678
156900.0,1760156900,3.8468,-0.1567,366,84.0763,-0.6026,29.2465
156960.0,1760156960,3.8493,-0.1275,366,84.1236,-0.491,29.4291
157020.0,1760157020,3.816,-0.1124,366,84.1922,-0.4288,29.2658
157080.0,1760157080,3.8514,-0.0907,366,84.0497,-0.3491,29.1115
157140.0,1760157140,3.8523,-0.0536,366,84.2377,-0.2064,29.1897
157200.0,1760157200,3.8618,0.0646,366,84.0442,0.2494,29.2097
157260.0,1760157260,3.8648,-0.0376,367,84.0381,-0.1454,29.1618
157320.0,1760157320,3.8509,0.0011,367,84.2097,0.0042,28.8953
157380.0,1760157380,3.8607,-0.1013,367,84.0976,-0.3911,29.4961
157440.0,1760157440,3.8415,-0.0261,367,84.0306,-0.1004,29.4087
157500.0,1760157500,3.8606,0.0746,367,84.0564,0.2881,29.0336
157560.0,1760157560,3.848,0.0484,367,84.1713,0.1862,29.1693
157620.0,1760157620,3.8422,-0.1761,367,84.1746,-0.6766,29.2947
157680.0,1760157680,3.8515,0.0921,368,83.9862,0.3548,29.0493
157740.0,1760157740,3.8679,0.1694,368,84.0425,0.6551,28.977
157800.0,1760157800,3.856,-0.0113,368,84.0476,-0.0436,29.0978
157860.0,1760157860,3.8689,0.1794,368,83.956,0.6943,29.3031
157920.0,1760157920,3.847,-0.0202,368,84.025,-0.0775,28.9666
157980.0,1760157980,3.8652,0.1803,368,84.0245,0.6968,29.4262
158040.0,1760158040,3.8489,0.1478,368,84.11,0.5691,29.6053
158100.0,1760158100,3.8579,0.0456,369,84.1101,0.1761,29.4672
158160.0,1760158160,3.8574,0.2003,369,83.982,0.7725,29.4049
158220.0,1760158220,3.8621,0.2503,369,83.9862,0.9665,29.1099
158280.0,1760158280,3.8585,0.2256,369,84.0514,0.8705,29.6091
158340.0,1760158340,3.8483,0.2513,369,83.9464,0.9671,29.5235
158400.0,1760158400,3.8651,0.2161,369,84.0354,0.8351,29.5586
158460.0,1760158460,3.8736,0.1581,369,83.9764,0.6124,29.8222
158520.0,1760158520,3.8502,0.3002,370,83.9011,1.1559,29.3913
158580.0,1760158580,3.8379,0.3675,370,83.8974,1.4104,29.0426
158640.0,1760158640,3.8623,0.3508,370,84.085,1.3548,29.4011
158700.0,1760158700,3.8535,0.2091,370,83.9521,0.8058,29.6031
158760.0,1760158760,3.8564,0.2469,370,84.0913,0.9521,29.549
158820.0,1760158820,3.8626,0.2944,370,83.9145,1.137,29.3459
158880.0,1760158880,3.8529,0.271,370,83.9745,1.044,29.2937
158940.0,1760158940,3.8558,0.3667,370,84.1382,1.4138,29.5906
159000.0,1760159000,3.8562,0.3979,371,83.8579,1.5342,29.4446
159060.0,1760159060,3.8717,0.3203,371,83.7864,1.2402,29.7432
159120.0,1760159120,3.8587,0.4442,371,84.0369,1.7141,29.6632
159180.0,1760159180,3.8453,0.4488,371,83.8637,1.7258,29.6309
159240.0,1760159240,3.8461,0.4046,371,83.9241,1.5563,29.5765
159300.0,1760159300,3.8594,0.4366,371,83.8748,1.685,29.8135
159360.0,1760159360,3.8471,0.3608,371,83.9391,1.388,29.7159
159420.0,1760159420,3.8424,0.4546,372,83.8377,1.7467,29.8299
159480.0,1760159480,3.8648,0.4843,372,83.8955,1.8719,29.8563
159540.0,1760159540,3.8656,0.5051,372,83.942,1.9524,29.8294
159600.0,1760159600,3.8546,0.5281,372,83.8216,2.0355,29.6626
159660.0,1760159660,3.8614,0.5337,372,83.8425,2.0609,29.7346
159720.0,1760159720,3.8605,0.5205,372,83.867,2.0094,29.7981
159780.0,1760159780,3.8643,0.5601,372,83.7768,2.1644,30.3286
159840.0,1760159840,3.8648,0.6078,373,83.8537,2.3491,29.6908
159900.0,1760159900,3.833,0.5647,373,83.8934,2.1645,29.849
159960.0,1760159960,3.8565,0.597,373,83.8485,2.3021,29.985
160020.0,1760160020,3.8641,0.5832,373,83.8552,2.2536,29.9004
160080.0,1760160080,3.855,0.5714,373,83.8719,2.2029,30.1731
160140.0,1760160140,3.8592,0.641,373,83.8176,2.4739,29.9589
160200.0,1760160200,3.867,0.598,373,83.922,2.3126,29.9459
160260.0,1760160260,3.8606,0.6559,374,83.9783,2.532,30.2085
160320.0,1760160320,3.8741,0.6485,374,83.823,2.5125,30.4084
160380.0,1760160380,3.8707,0.6423,374,83.8957,2.4863,30.3293
160440.0,1760160440,3.8579,0.6513,374,83.8345,2.5128,30.0341
160500.0,1760160500,3.8574,0.6523,374,83.8797,2.5164,30.0587
160560.0,1760160560,3.8314,0.6053,374,83.9726,2.3191,30.0467
160620.0,1760160620,3.8562,0.7164,374,83.8849,2.7624,30.1619
160680.0,1760160680,3.845,0.7182,375,83.6992,2.7616,29.9708
160740.0,1760160740,3.8616,0.7584,375,83.8744,2.9286,30.3659
160800.0,1760160800,3.8612,0.6984,375,83.9336,2.6965,30.1781
160860.0,1760160860,3.866,0.8285,375,83.8143,3.2032,30.2381
160920.0,1760160920,3.8735,0.7234,375,83.9087,2.8022,29.9149
160980.0,1760160980,3.8585,0.7071,375,83.7708,2.7283,30.1746
161040.0,1760161040,3.8812,0.7094,375,83.7043,2.7532,29.7913
161100.0,1760161100,3.8613,0.6803,376,83.8315,2.627,30.0364
161160.0,1760161160,3.8451,0.8515,376,83.6768,3.2739,30.183
161220.0,1760161220,3.8531,0.8509,376,83.7952,3.2788,30.3585
161280.0,1760161280,3.8556,0.8198,376,83.9145,3.1607,30.658
161340.0,1760161340,3.8638,0.7521,376,83.6559,2.9058,30.3481
161400.0,1760161400,3.8486,0.8943,376,83.7035,3.4419,30.643
161460.0,1760161460,3.8551,0.7928,376,83.7204,3.0565,30.4069
161520.0,1760161520,3.8568,0.8034,377,83.7951,3.0987,30.5171
161580.0,1760161580,3.8537,0.895,377,83.7681,3.4489,30.7424
161640.0,1760161640,3.8669,0.862,377,83.9065,3.3334,30.2039
161700.0,1760161700,3.8649,0.9449,377,83.8681,3.6519,30.2627
161760.0,1760161760,3.8699,0.8528,377,83.8286,3.3002,30.4877
161820.0,1760161820,3.8547,0.8258,377,83.7979,3.1831,30.3371
161880.0,1760161880,3.87,0.8201,377,83.8149,3.1737,30.3828
161940.0,1760161940,3.8437,0.7631,377,83.7117,2.9332,30.2489
162000.0,1760162000,3.844,0.8461,378,83.8465,3.2525,30.2511
162060.0,1760162060,3.8448,0.9216,378,83.6861,3.5434,30.7603
162120.0,1760162120,3.8577,0.8984,378,83.8392,3.4657,30.2028
162180.0,1760162180,3.8696,0.8733,378,83.8644,3.3793,30.5453
162240.0,1760162240,3.851,0.8261,378,83.7836,3.1814,30.4803
162300.0,1760162300,3.8519,0.8906,378,83.7499,3.4304,30.1164
162360.0,1760162360,3.8546,0.933,378,83.7932,3.5962,30.305
162420.0,1760162420,3.861,0.9067,379,83.5294,3.5008,30.3227
162480.0,1760162480,3.8516,0.8961,379,83.7797,3.4515,30.5647
162540.0,1760162540,3.8507,0.8503,379,83.7436,3.2742,30.3467
162600.0,1760162600,3.8424,0.9356,379,83.7458,3.595,30.4762
162660.0,1760162660,3.8503,0.7375,379,83.8035,2.8395,30.0482
162720.0,1760162720,3.8673,0.9148,379,83.7381,3.5379,30.9516
162780.0,1760162780,3.8558,1.0256,379,83.6499,3.9543,30.5941
162840.0,1760162840,3.8477,0.8227,380,83.7269,3.1655,30.5221
162900.0,1760162900,3.8673,0.8869,380,83.7407,3.4299,30.3703
162960.0,1760162960,3.8489,0.8992,380,83.7415,3.4608,30.3623
163020.0,1760163020,3.8687,0.8768,380,83.7423,3.392,30.8621
163080.0,1760163080,3.8687,0.9518,380,83.8095,3.6823,30.1608
163140.0,1760163140,3.8541,0.9235,380,83.6364,3.5591,30.5818
163200.0,1760163200,3.8389,0.907,380,83.7343,3.4819,30.2751
163260.0,1760163260,3.8769,0.9386,381,83.8203,3.6389,30.4661
163320.0,1760163320,3.8565,0.8987,381,83.5752,3.4656,30.3919
163380.0,1760163380,3.8499,1.0556,381,83.7252,4.064,30.4523
163440.0,1760163440,3.8621,0.9028,381,83.6608,3.4866,30.5386
163500.0,1760163500,3.8594,0.9033,381,83.6748,3.4862,30.0226
163560.0,1760163560,3.865,0.8061,381,83.6288,3.1155,30.3995
163620.0,1760163620,3.8453,0.8623,381,83.6844,3.3156,30.4937
163680.0,1760163680,3.8556,0.9444,382,83.8419,3.6411,30.3097
163740.0,1760163740,3.8391,0.8175,382,83.5901,3.1386,30.7868
163800.0,1760163800,3.8573,0.7735,382,83.5943,2.9837,30.3341
163860.0,1760163860,3.8501,0.8798,382,83.5803,3.3874,30.4945
163920.0,1760163920,3.8541,0.9433,382,83.8191,3.6356,30.4783
163980.0,1760163980,3.8486,0.8732,382,83.6404,3.3607,30.5282
164040.0,1760164040,3.8474,0.8504,382,83.6718,3.2718,30.7918
164100.0,1760164100,3.8408,0.7701,383,83.638,2.9579,30.9643
164160.0,1760164160,3.8569,0.8813,383,83.591,3.3989,30.7115
164220.0,1760164220,3.8638,0.8871,383,83.6441,3.4275,30.7883
164280.0,1760164280,3.8441,0.76,383,83.8558,2.9217,30.8161
164340.0,1760164340,3.8545,0.9007,383,83.7667,3.4718,30.6387
164400.0,1760164400,3.852,0.8769,383,83.5833,3.378,30.8875
164460.0,1760164460,3.848,0.8897,383,83.6994,3.4235,30.7457
164520.0,1760164520,3.8318,0.8564,384,83.5772,3.2816,30.5928
164580.0,1760164580,3.8333,0.8539,384,83.4976,3.2731,30.6355
164640.0,1760164640,3.8393,0.8409,384,83.7172,3.2285,30.1942
164700.0,1760164700,3.8254,0.8518,384,83.7243,3.2585,30.6289
164760.0,1760164760,3.8605,0.7107,384,83.7111,2.7436,30.1521
164820.0,1760164820,3.8491,0.7196,384,83.5856,2.7698,30.1462
164880.0,1760164880,3.8449,0.7507,384,83.6056,2.8862,30.5378
164940.0,1760164940,3.8233,0.7736,384,83.6746,2.9575,30.2979
165000.0,1760165000,3.8264,0.7918,385,83.6415,3.0298,30.537
165060.0,1760165060,3.8439,0.7808,385,83.5743,3.0014,30.5603
165120.0,1760165120,3.8628,0.8124,385,83.4717,3.138,30.5975
165180.0,1760165180,3.8364,0.8056,385,83.6058,3.0908,30.3776
165240.0,1760165240,3.852,0.6961,385,83.6784,2.6815,30.6534
165300.0,1760165300,3.8373,0.743,385,83.4916,2.851,30.4962
165360.0,1760165360,3.843,0.6797,385,83.6338,2.6123,30.5545
165420.0,1760165420,3.8541,0.7036,386,83.6044,2.7118,30.2488
165480.0,1760165480,3.8382,0.7198,386,83.6331,2.7628,30.4681
165540.0,1760165540,3.8344,0.5238,386,83.6379,2.0085,30.569
165600.0,1760165600,3.8545,0.8051,386,83.5076,3.1032,30.7713
165660.0,1760165660,3.84,0.703,386,83.4287,2.6994,30.3386
165720.0,1760165720,3.8504,0.6348,386,83.5103,2.4442,30.3369
165780.0,1760165780,3.8328,0.7507,386,83.6189,2.8772,30.3435
165840.0,1760165840,3.8527,0.6265,387,83.4992,2.4137,30.313
165900.0,1760165900,3.8409,0.6398,387,83.4818,2.4576,30.1775
165960.0,1760165960,3.8417,0.5981,387,83.3862,2.2975,30.3986
166020.0,1760166020,3.8396,0.694,387,83.6667,2.6648,30.6319
166080.0,1760166080,3.8324,0.595,387,83.587,2.2804,30.2712
166140.0,1760166140,3.837,0.5964,387,83.577,2.2885,30.4134
166200.0,1760166200,3.8323,0.6377,387,83.5872,2.4437,30.4225
166260.0,1760166260,3.8457,0.5951,388,83.5502,2.2884,30.6456
166320.0,1760166320,3.8333,0.5513,388,83.4788,2.1132,30.2793
166380.0,1760166380,3.8199,0.5976,388,83.4794,2.2826,30.3255
166440.0,1760166440,3.8175,0.6568,388,83.4524,2.5075,30.3207
166500.0,1760166500,3.8178,0.5335,388,83.6914,2.0369,30.1656
166560.0,1760166560,3.84,0.5111,388,83.5191,1.9625,30.4828
166620.0,1760166620,3.8214,0.5012,388,83.4315,1.9154,30.3438
166680.0,1760166680,3.8358,0.5455,389,83.4996,2.0925,30.419
166740.0,1760166740,3.8332,0.4372,389,83.3753,1.6759,30.5779
166800.0,1760166800,3.8317,0.4403,389,83.5703,1.6871,30.5935
166860.0,1760166860,3.8354,0.3643,389,83.3907,1.3971,29.9386
166920.0,1760166920,3.8326,0.3687,389,83.4772,1.4132,30.4025
166980.0,1760166980,3.8036,0.3887,389,83.5159,1.4785,30.3355
167040.0,1760167040,3.8267,0.3983,389,83.4549,1.5244,30.2072
167100.0,1760167100,3.8336,0.476,390,83.425,1.8249,30.4286
167160.0,1760167160,3.8453,0.4007,390,83.4117,1.5408,29.9588
167220.0,1760167220,3.8452,0.3145,390,83.3996,1.2095,30.5289
167280.0,1760167280,3.814,0.3099,390,83.3511,1.1818,30.3369
167340.0,1760167340,3.8237,0.401,390,83.3544,1.5334,30.1349
167400.0,1760167400,3.8119,0.3746,390,83.5018,1.4278,30.1708
167460.0,1760167460,3.8416,0.3055,390,83.3678,1.1735,29.8931
167520.0,1760167520,3.8358,0.2677,391,83.3066,1.0269,30.1417
167580.0,1760167580,3.8288,0.3318,391,83.321,1.2702,30.1602
167640.0,1760167640,3.8271,0.2114,391,83.4432,0.8092,29.8963
167700.0,1760167700,3.8385,0.2662,391,83.402,1.022,30.3614
167760.0,1760167760,3.8363,0.3457,391,83.3854,1.3263,30.5258
167820.0,1760167820,3.8349,0.2278,391,83.3127,0.8735,30.1714
167880.0,1760167880,3.8278,0.164,391,83.3717,0.6279,30.0655
167940.0,1760167940,3.8187,0.2086,391,83.2669,0.7967,30.2499
168000.0,1760168000,3.8295,0.1498,392,83.2901,0.5738,30.1126
168060.0,1760168060,3.83,0.0888,392,83.3809,0.3401,29.8518
168120.0,1760168120,3.8194,0.1787,392,83.3656,0.6825,30.0101
168180.0,1760168180,3.8165,0.1846,392,83.2094,0.7046,30.0865
168240.0,1760168240,3.8309,0.0982,392,83.2117,0.3763,30.1268
168300.0,1760168300,3.8361,0.0799,392,83.2811,0.3066,30.0647
168360.0,1760168360,3.8121,0.0357,392,83.4026,0.1361,30.0699
168420.0,1760168420,3.815,0.0613,393,83.1034,0.2337,29.7435
168480.0,1760168480,3.8215,0.0256,393,83.2709,0.0978,30.1532
168540.0,1760168540,3.8217,-0.0119,393,83.1306,-0.0455,30.01
168600.0,1760168600,3.8114,0.1182,393,83.1819,0.4504,30.605
168660.0,1760168660,3.8351,0.0318,393,83.1953,0.122,29.9479
168720.0,1760168720,3.8199,0.022,393,83.1827,0.0841,30.0823
168780.0,1760168780,3.8205,0.0225,393,83.1654,0.0859,30.5838
168840.0,1760168840,3.8324,0.0018,394,83.2005,0.0069,30.0401
168900.0,1760168900,3.8096,-0.0725,394,83.1488,-0.2761,30.0442
168960.0,1760168960,3.8124,-0.0532,394,83.0663,-0.203,29.8447
169020.0,1760169020,3.8011,-0.0954,394,83.2373,-0.3625,30.3812
169080.0,1760169080,3.8114,-0.075,394,83.2267,-0.2858,29.8271
169140.0,1760169140,3.7978,-0.0948,394,83.2255,-0.3601,30.1599
169200.0,1760169200,3.8187,-0.146,394,83.0263,-0.5575,30.0203
169260.0,1760169260,3.8156,-0.2082,395,83.1649,-0.7945,30.1265
169320.0,1760169320,3.8083,-0.1493,395,83.1865,-0.5687,29.8319
169380.0,1760169380,3.8089,-0.1817,395,83.0413,-0.692,30.4107
169440.0,1760169440,3.8174,-0.2808,395,83.1159,-1.0718,30.1652
169500.0,1760169500,3.7978,-0.1756,395,83.0972,-0.6669,29.8929
169560.0,1760169560,3.8115,-0.1674,395,83.2452,-0.638,30.3792
169620.0,1760169620,3.816,-0.1039,395,83.2431,-0.3963,29.9762
169680.0,1760169680,3.7892,-0.2644,396,82.9472,-1.0018,30.2716
169740.0,1760169740,3.8151,-0.2862,396,83.2711,-1.0921,30.3896
169800.0,1760169800,3.7896,-0.3292,396,82.9895,-1.2475,30.3496
169860.0,1760169860,3.8054,-0.2776,396,83.1323,-1.0565,29.7732
169920.0,1760169920,3.7945,-0.2922,396,83.1227,-1.1087,30.3623
169980.0,1760169980,3.8191,-0.357,396,82.9565,-1.3635,30.2539
170040.0,1760170040,3.7934,-0.3393,396,83.0667,-1.287,30.1929
170100.0,1760170100,3.7877,-0.4435,397,83.0097,-1.6797,30.3191
170160.0,1760170160,3.8053,-0.3121,397,83.0537,-1.1876,29.9126
170220.0,1760170220,3.7992,-0.4107,397,83.0188,-1.5604,30.3507
170280.0,1760170280,3.7882,-0.3876,397,83.0871,-1.4683,30.0196
170340.0,1760170340,3.8075,-0.4708,397,82.9884,-1.7925,30.3005
170400.0,1760170400,3.7818,-0.442,397,82.9599,-1.6717,30.3645
170460.0,1760170460,3.7914,-0.4402,397,83.052,-1.6691,30.5451
170520.0,1760170520,3.7953,-0.44,398,83.0017,-1.6701,30.1647
170580.0,1760170580,3.8086,-0.4286,398,83.0048,-1.6324,30.6083
170640.0,1760170640,3.8125,-0.3936,398,82.884,-1.5006,30.4777
170700.0,1760170700,3.81,-0.4418,398,82.8445,-1.6831,30.2393
170760.0,1760170760,3.7971,-0.443,398,82.8736,-1.6821,30.1027
170820.0,1760170820,3.7739,-0.4314,398,82.8603,-1.628,30.0247
170880.0,1760170880,3.8021,-0.4876,398,82.9638,-1.854,30.411
170940.0,1760170940,3.8125,-0.5302,398,82.9699,-2.0215,30.2414
171000.0,1760171000,3.8093,-0.4901,399,82.8703,-1.8668,30.5947
171060.0,1760171060,3.8017,-0.4989,399,82.9881,-1.8965,30.224
171120.0,1760171120,3.7847,-0.5319,399,82.9741,-2.0132,30.2042
171180.0,1760171180,3.7904,-0.6487,399,82.875,-2.459,30.5225
171240.0,1760171240,3.8141,-0.6296,399,82.7807,-2.4014,30.3211
171300.0,1760171300,3.7811,-0.6126,399,82.9634,-2.3164,30.4443
171360.0,1760171360,3.7827,-0.5711,399,82.8235,-2.1602,30.6043
171420.0,1760171420,3.8032,-0.6221,400,82.8294,-2.3661,30.4692
171480.0,1760171480,3.7889,-0.575,400,82.7831,-2.1787,30.4299
171540.0,1760171540,3.7807,-0.5768,400,82.7301,-2.1806,30.4458
171600.0,1760171600,3.8071,-0.593,400,82.6748,-2.2578,30.0768
171660.0,1760171660,3.7969,-0.603,400,82.8339,-2.2896,30.4993
171720.0,1760171720,3.7874,-0.7252,400,82.7116,-2.7468,30.5482
171780.0,1760171780,3.7809,-0.6592,400,83.0101,-2.4923,30.6394
171840.0,1760171840,3.8107,-0.7234,401,82.6695,-2.7567,30.6308
171900.0,1760171900,3.7895,-0.785,401,82.6469,-2.9748,30.5159
171960.0,1760171960,3.804,-0.7263,401,82.7794,-2.7627,30.713
172020.0,1760172020,3.799,-0.6548,401,82.852,-2.4875,30.3881
172080.0,1760172080,3.7838,-0.7069,401,82.726,-2.6748,30.535
172140.0,1760172140,3.7837,-0.6378,401,82.7578,-2.4131,30.3652
172200.0,1760172200,3.8019,-0.7383,401,82.5557,-2.807,30.5973
172260.0,1760172260,3.8021,-0.6331,402,82.6403,-2.4071,30.3425
172320.0,1760172320,3.7682,-0.7547,402,82.5998,-2.8438,30.8416
172380.0,1760172380,3.7917,-0.7703,402,82.5254,-2.9209,30.9251
172440.0,1760172440,3.7854,-0.8431,402,82.6777,-3.1914,30.7515
172500.0,1760172500,3.775,-0.731,402,82.4803,-2.7596,30.7922
172560.0,1760172560,3.7879,-0.8189,402,82.5453,-3.1018,30.2432
172620.0,1760172620,3.7717,-0.8331,402,82.5995,-3.1423,30.2749
172680.0,1760172680,3.7801,-0.7435,403,82.5674,-2.8104,30.4199
172740.0,1760172740,3.7769,-0.7562,403,82.6572,-2.856,30.4993
172800.0,1760172800,3.7794,-0.7638,403,82.6414,-2.8867,30.4541
172860.0,1760172860,3.7836,-0.8446,403,82.6801,-3.1956,30.2266
172920.0,1760172920,3.7737,-0.8349,403,82.6604,-3.1507,30.7741
172980.0,1760172980,3.7994,-0.841,403,82.6831,-3.1952,30.976
173040.0,1760173040,3.7878,-0.8042,403,82.5834,-3.0462,30.7684
173100.0,1760173100,3.8006,-0.7708,404,82.5996,-2.9296,30.699
173160.0,1760173160,3.7808,-0.835,404,82.608,-3.157,30.5748
173220.0,1760173220,3.7764,-0.7593,404,82.5702,-2.8676,30.2967
173280.0,1760173280,3.7989,-0.8177,404,82.519,-3.1062,30.5227
173340.0,1760173340,3.7753,-0.8784,404,82.5161,-3.3163,30.9742
173400.0,1760173400,3.7787,-0.8292,404,82.4693,-3.1333,30.4394
173460.0,1760173460,3.7879,-0.789,404,82.5605,-2.9888,30.3828
173520.0,1760173520,3.7678,-0.7779,405,82.5113,-2.9309,30.6824
173580.0,1760173580,3.7867,-0.8217,405,82.4579,-3.1114,30.7267
173640.0,1760173640,3.7852,-0.8827,405,82.4501,-3.3411,30.3672
173700.0,1760173700,3.7915,-0.8975,405,82.3985,-3.4029,30.4923
173760.0,1760173760,3.7883,-0.8603,405,82.566,-3.2592,30.4103
173820.0,1760173820,3.7917,-0.8076,405,82.4863,-3.0624,30.4783
173880.0,1760173880,3.777,-0.8716,405,82.4034,-3.2921,30.7321
173940.0,1760173940,3.7698,-0.8723,405,82.5295,-3.2884,30.3468
174000.0,1760174000,3.7987,-0.8939,406,82.4125,-3.3957,30.7386
174060.0,1760174060,3.7617,-0.9141,406,82.3374,-3.4385,30.5527
174120.0,1760174120,3.7634,-0.9067,406,82.5243,-3.4125,30.9874
174180.0,1760174180,3.7825,-0.8926,406,82.3923,-3.3761,30.5701
174240.0,1760174240,3.7929,-0.8139,406,82.3953,-3.087,30.4196
174300.0,1760174300,3.7784,-0.912,406,82.4241,-3.4458,30.6278
174360.0,1760174360,3.7867,-0.8973,406,82.5051,-3.3978,30.4291
174420.0,1760174420,3.7561,-0.9429,407,82.4082,-3.5416,30.1694
174480.0,1760174480,3.7703,-0.8632,407,82.3037,-3.2547,30.4119
174540.0,1760174540,3.757,-0.8299,407,82.4362,-3.118,30.3774
174600.0,1760174600,3.7829,-0.816,407,82.347,-3.0867,30.0943
174660.0,1760174660,3.7604,-0.8857,407,82.53,-3.3306,30.4491
174720.0,1760174720,3.7621,-0.8656,407,82.3721,-3.2564,30.0294
174780.0,1760174780,3.7789,-0.9002,407,82.1867,-3.4016,30.396
174840.0,1760174840,3.7852,-0.864,408,82.3874,-3.2705,30.4804
174900.0,1760174900,3.7735,-0.8724,408,82.5079,-3.2919,30.4528
174960.0,1760174960,3.7804,-0.8826,408,82.4719,-3.3366,30.3544
175020.0,1760175020,3.78,-0.8758,408,82.4858,-3.3106,30.409
175080.0,1760175080,3.7712,-0.857,408,82.2514,-3.232,30.2492
175140.0,1760175140,3.763,-0.891,408,82.3996,-3.3529,30.4302
175200.0,1760175200,3.7787,-0.8849,408,82.2627,-3.3437,30.4295
175260.0,1760175260,3.7794,-0.7836,409,82.3322,-2.9615,30.1516
175320.0,1760175320,3.7815,-0.7294,409,82.2063,-2.7581,30.3365
175380.0,1760175380,3.7758,-0.9208,409,82.2505,-3.4768,30.4831
175440.0,1760175440,3.7608,-0.919,409,82.242,-3.4563,30.3908
175500.0,1760175500,3.7799,-0.8991,409,82.3621,-3.3987,30.8869
175560.0,1760175560,3.7728,-0.8514,409,82.3484,-3.2123,30.3309
175620.0,1760175620,3.7676,-0.7962,409,82.3007,-2.9999,30.2536
175680.0,1760175680,3.7687,-0.806,410,82.1648,-3.0375,30.2272
175740.0,1760175740,3.7651,-0.8212,410,82.2423,-3.0919,30.1241
175800.0,1760175800,3.7806,-0.7974,410,82.2019,-3.0147,30.4308
175860.0,1760175860,3.758,-0.8523,410,82.3257,-3.2029,30.1946
175920.0,1760175920,3.7623,-0.8235,410,82.3449,-3.0981,30.1895
175980.0,1760175980,3.7688,-0.8056,410,82.3298,-3.0362,30.1754
176040.0,1760176040,3.7874,-0.8769,410,82.1795,-3.3213,30.1374
176100.0,1760176100,3.7809,-0.8487,411,82.0155,-3.2089,29.9557
176160.0,1760176160,3.7543,-0.8394,411,82.0881,-3.1513,30.2
176220.0,1760176220,3.7854,-0.7376,411,82.3381,-2.792,30.3799
176280.0,1760176280,3.7846,-0.7558,411,82.1872,-2.8602,30.2533
176340.0,1760176340,3.7591,-0.7295,411,82.1542,-2.7423,30.499
176400.0,1760176400,3.7466,-0.8439,411,82.3407,-3.1616,30.4225
176460.0,1760176460,3.7709,-0.8177,411,82.3056,-3.0833,30.3501
176520.0,1760176520,3.7823,-0.7017,412,82.2016,-2.6541,30.5229
176580.0,1760176580,3.7868,-0.865,412,82.1714,-3.2755,30.2514
176640.0,1760176640,3.7622,-0.6558,412,82.1796,-2.4673,30.11
176700.0,1760176700,3.7885,-0.799,412,82.2037,-3.027,30.2034
176760.0,1760176760,3.7493,-0.6562,412,82.3089,-2.4604,30.3939
176820.0,1760176820,3.7674,-0.7332,412,82.2102,-2.7624,30.141
176880.0,1760176880,3.767,-0.6265,412,82.23,-2.3602,29.9191
176940.0,1760176940,3.7829,-0.5086,412,82.2611,-1.9239,30.0655
177000.0,1760177000,3.7834,-0.7725,413,82.0696,-2.9226,29.9894
177060.0,1760177060,3.7807,-0.6137,413,82.2193,-2.3201,30.1259
177120.0,1760177120,3.7573,-0.7283,413,82.1311,-2.7364,30.1871
177180.0,1760177180,3.7788,-0.6058,413,82.0,-2.2893,29.962
177240.0,1760177240,3.7753,-0.6266,413,82.0,-2.3656,30.123
177300.0,1760177300,3.7538,-0.5987,413,82.0608,-2.2474,29.6834
177360.0,1760177360,3.7505,-0.6395,413,82.1808,-2.3985,30.0395
177420.0,1760177420,3.7815,-0.5435,414,82.1434,-2.0552,29.8309
177480.0,1760177480,3.7694,-0.6433,414,82.1451,-2.425,30.569
177540.0,1760177540,3.7591,-0.4971,414,82.2826,-1.8687,29.904
177600.0,1760177600,3.7686,-0.5678,414,82.0212,-2.1396,29.8032
177660.0,1760177660,3.7749,-0.6054,414,82.1167,-2.2852,29.6701
177720.0,1760177720,3.7706,-0.4433,414,82.1395,-1.6715,30.0703
177780.0,1760177780,3.7556,-0.5141,414,82.0526,-1.9306,29.7889
177840.0,1760177840,3.7904,-0.4028,415,82.1101,-1.5268,29.6047
177900.0,1760177900,3.7811,-0.4245,415,82.0,-1.6051,29.8406
177960.0,1760177960,3.7689,-0.5127,415,82.2135,-1.9323,29.9668
178020.0,1760178020,3.7685,-0.4641,415,82.0427,-1.7492,29.9177
178080.0,1760178080,3.7763,-0.4408,415,82.2563,-1.6646,29.7691
178140.0,1760178140,3.7607,-0.3574,415,82.0877,-1.344,29.7231
178200.0,1760178200,3.7757,-0.3986,415,82.1692,-1.5048,29.7635
178260.0,1760178260,3.7589,-0.3982,416,82.0793,-1.4969,29.7768
178320.0,1760178320,3.7716,-0.4035,416,82.0778,-1.5219,29.7915
178380.0,1760178380,3.7605,-0.3824,416,82.0303,-1.4382,29.9013
178440.0,1760178440,3.7615,-0.3009,416,82.0833,-1.132,29.6212
178500.0,1760178500,3.7893,-0.3522,416,82.096,-1.3345,29.4802
178560.0,1760178560,3.7732,-0.3582,416,82.0046,-1.3514,29.6121
178620.0,1760178620,3.7751,-0.3526,416,82.0542,-1.3312,29.7799
178680.0,1760178680,3.7528,-0.338,417,82.0123,-1.2683,29.2526
178740.0,1760178740,3.7683,-0.3662,417,82.242,-1.3799,29.2689
178800.0,1760178800,3.7781,-0.3193,417,82.0477,-1.2064,29.7637
178860.0,1760178860,3.7762,-0.1925,417,82.1755,-0.7269,29.775
178920.0,1760178920,3.7522,-0.2633,417,82.0332,-0.988,29.267
178980.0,1760178980,3.7762,-0.2033,417,82.0666,-0.7675,29.4845
179040.0,1760179040,3.7777,-0.3478,417,82.0,-1.314,29.4925
179100.0,1760179100,3.7871,-0.1808,418,82.0042,-0.6848,29.379
179160.0,1760179160,3.7682,-0.2026,418,82.0539,-0.7635,29.502
179220.0,1760179220,3.753,-0.2039,418,82.161,-0.7651,29.1755
179280.0,1760179280,3.7652,-0.1559,418,82.049,-0.5872,29.1665
179340.0,1760179340,3.7648,-0.1749,418,82.139,-0.6586,29.3351
179400.0,1760179400,3.7831,-0.2414,418,82.0767,-0.9134,29.4116
179460.0,1760179460,3.7492,-0.0742,418,82.1528,-0.2782,29.0739
179520.0,1760179520,3.7714,-0.0932,419,82.015,-0.3515,29.4643
179580.0,1760179580,3.7914,-0.1061,419,82.2081,-0.4021,29.2252
179640.0,1760179640,3.7764,-0.1236,419,82.0,-0.4669,29.2304
179700.0,1760179700,3.7855,-0.1338,419,82.0,-0.5065,29.3714
179760.0,1760179760,3.7604,-0.034,419,82.0,-0.128,29.2013
179820.0,1760179820,3.762,0.0505,419,82.1921,0.19,29.3997
179880.0,1760179880,3.7921,-0.0049,419,82.0684,-0.0187,29.0009
179940.0,1760179940,3.7787,-0.0691,420,82.0,-0.2612,28.9514
